Data,Material,Quantidade,Custo_unitário,Custo_total
2024-01-01,AÇO,601,12,7212
2024-01-01,PLÁSTICO,633,8,5064
2024-01-01,ALUMÍNIO,427,15,6405
2024-01-01,BORRACHA,418,6,2508
2024-01-01,VIDRO,359,10,3590
2024-01-02,AÇO,464,12,5568
2024-01-02,PLÁSTICO,459,8,3672
2024-01-02,ALUMÍNIO,542,15,8130
2024-01-02,BORRACHA,519,6,3114
2024-01-02,VIDRO,404,10,4040
2024-01-03,AÇO,468,12,5616
2024-01-03,PLÁSTICO,470,8,3760
2024-01-03,ALUMÍNIO,357,15,5355
2024-01-03,BORRACHA,421,6,2526
2024-01-03,VIDRO,438,10,4380
2024-01-04,AÇO,614,12,7368
2024-01-04,PLÁSTICO,515,8,4120
2024-01-04,ALUMÍNIO,552,15,8280
2024-01-04,BORRACHA,380,6,2280
2024-01-04,VIDRO,595,10,5950
2024-01-05,AÇO,604,12,7248
2024-01-05,PLÁSTICO,340,8,2720
2024-01-05,ALUMÍNIO,443,15,6645
2024-01-05,BORRACHA,539,6,3234
2024-01-05,VIDRO,551,10,5510
2024-01-06,AÇO,445,12,5340
2024-01-06,PLÁSTICO,475,8,3800
2024-01-06,ALUMÍNIO,452,15,6780
2024-01-06,BORRACHA,508,6,3048
2024-01-06,VIDRO,595,10,5950
2024-01-07,AÇO,438,12,5256
2024-01-07,PLÁSTICO,580,8,4640
2024-01-07,ALUMÍNIO,437,15,6555
2024-01-07,BORRACHA,432,6,2592
2024-01-07,VIDRO,565,10,5650
2024-01-08,AÇO,573,12,6876
2024-01-08,PLÁSTICO,568,8,4544
2024-01-08,ALUMÍNIO,394,15,5910
2024-01-08,BORRACHA,462,6,2772
2024-01-08,VIDRO,565,10,5650
2024-01-09,AÇO,503,12,6036
2024-01-09,PLÁSTICO,414,8,3312
2024-01-09,ALUMÍNIO,536,15,8040
2024-01-09,BORRACHA,442,6,2652
2024-01-09,VIDRO,643,10,6430
2024-01-10,AÇO,623,12,7476
2024-01-10,PLÁSTICO,548,8,4384
2024-01-10,ALUMÍNIO,608,15,9120
2024-01-10,BORRACHA,505,6,3030
2024-01-10,VIDRO,561,10,5610
2024-01-11,AÇO,618,12,7416
2024-01-11,PLÁSTICO,519,8,4152
2024-01-11,ALUMÍNIO,479,15,7185
2024-01-11,BORRACHA,363,6,2178
2024-01-11,VIDRO,493,10,4930
2024-01-12,AÇO,565,12,6780
2024-01-12,PLÁSTICO,575,8,4600
2024-01-12,ALUMÍNIO,540,15,8100
2024-01-12,BORRACHA,456,6,2736
2024-01-12,VIDRO,341,10,3410
2024-01-13,AÇO,460,12,5520
2024-01-13,PLÁSTICO,475,8,3800
2024-01-13,ALUMÍNIO,474,15,7110
2024-01-13,BORRACHA,549,6,3294
2024-01-13,VIDRO,658,10,6580
2024-01-14,AÇO,509,12,6108
2024-01-14,PLÁSTICO,482,8,3856
2024-01-14,ALUMÍNIO,479,15,7185
2024-01-14,BORRACHA,509,6,3054
2024-01-14,VIDRO,433,10,4330
2024-01-15,AÇO,509,12,6108
2024-01-15,PLÁSTICO,536,8,4288
2024-01-15,ALUMÍNIO,516,15,7740
2024-01-15,BORRACHA,536,6,3216
2024-01-15,VIDRO,534,10,5340
2024-01-16,AÇO,358,12,4296
2024-01-16,PLÁSTICO,550,8,4400
2024-01-16,ALUMÍNIO,446,15,6690
2024-01-16,BORRACHA,412,6,2472
2024-01-16,VIDRO,411,10,4110
2024-01-17,AÇO,534,12,6408
2024-01-17,PLÁSTICO,482,8,3856
2024-01-17,ALUMÍNIO,365,15,5475
2024-01-17,BORRACHA,538,6,3228
2024-01-17,VIDRO,384,10,3840
2024-01-18,AÇO,511,12,6132
2024-01-18,PLÁSTICO,519,8,4152
2024-01-18,ALUMÍNIO,570,15,8550
2024-01-18,BORRACHA,642,6,3852
2024-01-18,VIDRO,390,10,3900
2024-01-19,AÇO,495,12,5940
2024-01-19,PLÁSTICO,477,8,3816
2024-01-19,ALUMÍNIO,534,15,8010
2024-01-19,BORRACHA,517,6,3102
2024-01-19,VIDRO,471,10,4710
2024-01-20,AÇO,464,12,5568
2024-01-20,PLÁSTICO,410,8,3280
2024-01-20,ALUMÍNIO,579,15,8685
2024-01-20,BORRACHA,536,6,3216
2024-01-20,VIDRO,573,10,5730
2024-01-21,AÇO,475,12,5700
2024-01-21,PLÁSTICO,447,8,3576
2024-01-21,ALUMÍNIO,413,15,6195
2024-01-21,BORRACHA,528,6,3168
2024-01-21,VIDRO,416,10,4160
2024-01-22,AÇO,647,12,7764
2024-01-22,PLÁSTICO,395,8,3160
2024-01-22,ALUMÍNIO,521,15,7815
2024-01-22,BORRACHA,625,6,3750
2024-01-22,VIDRO,547,10,5470
2024-01-23,AÇO,514,12,6168
2024-01-23,PLÁSTICO,422,8,3376
2024-01-23,ALUMÍNIO,389,15,5835
2024-01-23,BORRACHA,561,6,3366
2024-01-23,VIDRO,620,10,6200
2024-01-24,AÇO,464,12,5568
2024-01-24,PLÁSTICO,408,8,3264
2024-01-24,ALUMÍNIO,303,15,4545
2024-01-24,BORRACHA,421,6,2526
2024-01-24,VIDRO,490,10,4900
2024-01-25,AÇO,627,12,7524
2024-01-25,PLÁSTICO,553,8,4424
2024-01-25,ALUMÍNIO,524,15,7860
2024-01-25,BORRACHA,467,6,2802
2024-01-25,VIDRO,453,10,4530
2024-01-26,AÇO,612,12,7344
2024-01-26,PLÁSTICO,516,8,4128
2024-01-26,ALUMÍNIO,331,15,4965
2024-01-26,BORRACHA,446,6,2676
2024-01-26,VIDRO,431,10,4310
2024-01-27,AÇO,456,12,5472
2024-01-27,PLÁSTICO,545,8,4360
2024-01-27,ALUMÍNIO,491,15,7365
2024-01-27,BORRACHA,493,6,2958
2024-01-27,VIDRO,605,10,6050
2024-01-28,AÇO,444,12,5328
2024-01-28,PLÁSTICO,649,8,5192
2024-01-28,ALUMÍNIO,446,15,6690
2024-01-28,BORRACHA,507,6,3042
2024-01-28,VIDRO,477,10,4770
2024-01-29,AÇO,509,12,6108
2024-01-29,PLÁSTICO,535,8,4280
2024-01-29,ALUMÍNIO,534,15,8010
2024-01-29,BORRACHA,439,6,2634
2024-01-29,VIDRO,410,10,4100
2024-01-30,AÇO,700,12,8400
2024-01-30,PLÁSTICO,461,8,3688
2024-01-30,ALUMÍNIO,555,15,8325
2024-01-30,BORRACHA,371,6,2226
2024-01-30,VIDRO,477,10,4770
2024-01-31,AÇO,489,12,5868
2024-01-31,PLÁSTICO,537,8,4296
2024-01-31,ALUMÍNIO,282,15,4230
2024-01-31,BORRACHA,513,6,3078
2024-01-31,VIDRO,408,10,4080
2024-02-01,AÇO,525,12,6300
2024-02-01,PLÁSTICO,417,8,3336
2024-02-01,ALUMÍNIO,431,15,6465
2024-02-01,BORRACHA,478,6,2868
2024-02-01,VIDRO,415,10,4150
2024-02-02,AÇO,461,12,5532
2024-02-02,PLÁSTICO,404,8,3232
2024-02-02,ALUMÍNIO,353,15,5295
2024-02-02,BORRACHA,581,6,3486
2024-02-02,VIDRO,396,10,3960
2024-02-03,AÇO,485,12,5820
2024-02-03,PLÁSTICO,560,8,4480
2024-02-03,ALUMÍNIO,450,15,6750
2024-02-03,BORRACHA,433,6,2598
2024-02-03,VIDRO,518,10,5180
2024-02-04,AÇO,589,12,7068
2024-02-04,PLÁSTICO,406,8,3248
2024-02-04,ALUMÍNIO,487,15,7305
2024-02-04,BORRACHA,361,6,2166
2024-02-04,VIDRO,468,10,4680
2024-02-05,AÇO,502,12,6024
2024-02-05,PLÁSTICO,431,8,3448
2024-02-05,ALUMÍNIO,463,15,6945
2024-02-05,BORRACHA,387,6,2322
2024-02-05,VIDRO,506,10,5060
2024-02-06,AÇO,584,12,7008
2024-02-06,PLÁSTICO,412,8,3296
2024-02-06,ALUMÍNIO,450,15,6750
2024-02-06,BORRACHA,540,6,3240
2024-02-06,VIDRO,596,10,5960
2024-02-07,AÇO,380,12,4560
2024-02-07,PLÁSTICO,486,8,3888
2024-02-07,ALUMÍNIO,522,15,7830
2024-02-07,BORRACHA,491,6,2946
2024-02-07,VIDRO,301,10,3010
2024-02-08,AÇO,540,12,6480
2024-02-08,PLÁSTICO,621,8,4968
2024-02-08,ALUMÍNIO,509,15,7635
2024-02-08,BORRACHA,417,6,2502
2024-02-08,VIDRO,458,10,4580
2024-02-09,AÇO,641,12,7692
2024-02-09,PLÁSTICO,572,8,4576
2024-02-09,ALUMÍNIO,551,15,8265
2024-02-09,BORRACHA,528,6,3168
2024-02-09,VIDRO,447,10,4470
2024-02-10,AÇO,483,12,5796
2024-02-10,PLÁSTICO,493,8,3944
2024-02-10,ALUMÍNIO,543,15,8145
2024-02-10,BORRACHA,620,6,3720
2024-02-10,VIDRO,589,10,5890
2024-02-11,AÇO,386,12,4632
2024-02-11,PLÁSTICO,517,8,4136
2024-02-11,ALUMÍNIO,558,15,8370
2024-02-11,BORRACHA,549,6,3294
2024-02-11,VIDRO,449,10,4490
2024-02-12,AÇO,733,12,8796
2024-02-12,PLÁSTICO,397,8,3176
2024-02-12,ALUMÍNIO,413,15,6195
2024-02-12,BORRACHA,518,6,3108
2024-02-12,VIDRO,669,10,6690
2024-02-13,AÇO,433,12,5196
2024-02-13,PLÁSTICO,478,8,3824
2024-02-13,ALUMÍNIO,586,15,8790
2024-02-13,BORRACHA,498,6,2988
2024-02-13,VIDRO,473,10,4730
2024-02-14,AÇO,545,12,6540
2024-02-14,PLÁSTICO,521,8,4168
2024-02-14,ALUMÍNIO,582,15,8730
2024-02-14,BORRACHA,603,6,3618
2024-02-14,VIDRO,524,10,5240
2024-02-15,AÇO,523,12,6276
2024-02-15,PLÁSTICO,517,8,4136
2024-02-15,ALUMÍNIO,539,15,8085
2024-02-15,BORRACHA,504,6,3024
2024-02-15,VIDRO,499,10,4990
2024-02-16,AÇO,595,12,7140
2024-02-16,PLÁSTICO,621,8,4968
2024-02-16,ALUMÍNIO,379,15,5685
2024-02-16,BORRACHA,500,6,3000
2024-02-16,VIDRO,444,10,4440
2024-02-17,AÇO,475,12,5700
2024-02-17,PLÁSTICO,532,8,4256
2024-02-17,ALUMÍNIO,553,15,8295
2024-02-17,BORRACHA,491,6,2946
2024-02-17,VIDRO,346,10,3460
2024-02-18,AÇO,422,12,5064
2024-02-18,PLÁSTICO,571,8,4568
2024-02-18,ALUMÍNIO,280,15,4200
2024-02-18,BORRACHA,594,6,3564
2024-02-18,VIDRO,541,10,5410
2024-02-19,AÇO,605,12,7260
2024-02-19,PLÁSTICO,484,8,3872
2024-02-19,ALUMÍNIO,335,15,5025
2024-02-19,BORRACHA,534,6,3204
2024-02-19,VIDRO,601,10,6010
2024-02-20,AÇO,573,12,6876
2024-02-20,PLÁSTICO,446,8,3568
2024-02-20,ALUMÍNIO,506,15,7590
2024-02-20,BORRACHA,457,6,2742
2024-02-20,VIDRO,434,10,4340
2024-02-21,AÇO,576,12,6912
2024-02-21,PLÁSTICO,404,8,3232
2024-02-21,ALUMÍNIO,428,15,6420
2024-02-21,BORRACHA,411,6,2466
2024-02-21,VIDRO,380,10,3800
2024-02-22,AÇO,511,12,6132
2024-02-22,PLÁSTICO,592,8,4736
2024-02-22,ALUMÍNIO,485,15,7275
2024-02-22,BORRACHA,379,6,2274
2024-02-22,VIDRO,567,10,5670
2024-02-23,AÇO,634,12,7608
2024-02-23,PLÁSTICO,448,8,3584
2024-02-23,ALUMÍNIO,461,15,6915
2024-02-23,BORRACHA,541,6,3246
2024-02-23,VIDRO,629,10,6290
2024-02-24,AÇO,458,12,5496
2024-02-24,PLÁSTICO,393,8,3144
2024-02-24,ALUMÍNIO,550,15,8250
2024-02-24,BORRACHA,563,6,3378
2024-02-24,VIDRO,500,10,5000
2024-02-25,AÇO,455,12,5460
2024-02-25,PLÁSTICO,579,8,4632
2024-02-25,ALUMÍNIO,542,15,8130
2024-02-25,BORRACHA,438,6,2628
2024-02-25,VIDRO,503,10,5030
2024-02-26,AÇO,391,12,4692
2024-02-26,PLÁSTICO,554,8,4432
2024-02-26,ALUMÍNIO,479,15,7185
2024-02-26,BORRACHA,465,6,2790
2024-02-26,VIDRO,497,10,4970
2024-02-27,AÇO,503,12,6036
2024-02-27,PLÁSTICO,571,8,4568
2024-02-27,ALUMÍNIO,547,15,8205
2024-02-27,BORRACHA,487,6,2922
2024-02-27,VIDRO,561,10,5610
2024-02-28,AÇO,532,12,6384
2024-02-28,PLÁSTICO,465,8,3720
2024-02-28,ALUMÍNIO,490,15,7350
2024-02-28,BORRACHA,488,6,2928
2024-02-28,VIDRO,540,10,5400
2024-02-29,AÇO,470,12,5640
2024-02-29,PLÁSTICO,468,8,3744
2024-02-29,ALUMÍNIO,657,15,9855
2024-02-29,BORRACHA,575,6,3450
2024-02-29,VIDRO,439,10,4390
2024-03-01,AÇO,545,12,6540
2024-03-01,PLÁSTICO,509,8,4072
2024-03-01,ALUMÍNIO,531,15,7965
2024-03-01,BORRACHA,510,6,3060
2024-03-01,VIDRO,595,10,5950
2024-03-02,AÇO,527,12,6324
2024-03-02,PLÁSTICO,495,8,3960
2024-03-02,ALUMÍNIO,583,15,8745
2024-03-02,BORRACHA,518,6,3108
2024-03-02,VIDRO,509,10,5090
2024-03-03,AÇO,525,12,6300
2024-03-03,PLÁSTICO,492,8,3936
2024-03-03,ALUMÍNIO,500,15,7500
2024-03-03,BORRACHA,453,6,2718
2024-03-03,VIDRO,439,10,4390
2024-03-04,AÇO,420,12,5040
2024-03-04,PLÁSTICO,388,8,3104
2024-03-04,ALUMÍNIO,429,15,6435
2024-03-04,BORRACHA,486,6,2916
2024-03-04,VIDRO,508,10,5080
2024-03-05,AÇO,478,12,5736
2024-03-05,PLÁSTICO,311,8,2488
2024-03-05,ALUMÍNIO,625,15,9375
2024-03-05,BORRACHA,586,6,3516
2024-03-05,VIDRO,535,10,5350
2024-03-06,AÇO,652,12,7824
2024-03-06,PLÁSTICO,421,8,3368
2024-03-06,ALUMÍNIO,651,15,9765
2024-03-06,BORRACHA,422,6,2532
2024-03-06,VIDRO,519,10,5190
2024-03-07,AÇO,398,12,4776
2024-03-07,PLÁSTICO,501,8,4008
2024-03-07,ALUMÍNIO,530,15,7950
2024-03-07,BORRACHA,487,6,2922
2024-03-07,VIDRO,557,10,5570
2024-03-08,AÇO,507,12,6084
2024-03-08,PLÁSTICO,458,8,3664
2024-03-08,ALUMÍNIO,454,15,6810
2024-03-08,BORRACHA,564,6,3384
2024-03-08,VIDRO,447,10,4470
2024-03-09,AÇO,573,12,6876
2024-03-09,PLÁSTICO,597,8,4776
2024-03-09,ALUMÍNIO,366,15,5490
2024-03-09,BORRACHA,590,6,3540
2024-03-09,VIDRO,664,10,6640
2024-03-10,AÇO,520,12,6240
2024-03-10,PLÁSTICO,547,8,4376
2024-03-10,ALUMÍNIO,582,15,8730
2024-03-10,BORRACHA,477,6,2862
2024-03-10,VIDRO,514,10,5140
2024-03-11,AÇO,394,12,4728
2024-03-11,PLÁSTICO,511,8,4088
2024-03-11,ALUMÍNIO,539,15,8085
2024-03-11,BORRACHA,541,6,3246
2024-03-11,VIDRO,585,10,5850
2024-03-12,AÇO,438,12,5256
2024-03-12,PLÁSTICO,457,8,3656
2024-03-12,ALUMÍNIO,651,15,9765
2024-03-12,BORRACHA,487,6,2922
2024-03-12,VIDRO,516,10,5160
2024-03-13,AÇO,494,12,5928
2024-03-13,PLÁSTICO,434,8,3472
2024-03-13,ALUMÍNIO,629,15,9435
2024-03-13,BORRACHA,457,6,2742
2024-03-13,VIDRO,409,10,4090
2024-03-14,AÇO,463,12,5556
2024-03-14,PLÁSTICO,339,8,2712
2024-03-14,ALUMÍNIO,447,15,6705
2024-03-14,BORRACHA,422,6,2532
2024-03-14,VIDRO,549,10,5490
2024-03-15,AÇO,446,12,5352
2024-03-15,PLÁSTICO,571,8,4568
2024-03-15,ALUMÍNIO,611,15,9165
2024-03-15,BORRACHA,562,6,3372
2024-03-15,VIDRO,482,10,4820
2024-03-16,AÇO,511,12,6132
2024-03-16,PLÁSTICO,378,8,3024
2024-03-16,ALUMÍNIO,489,15,7335
2024-03-16,BORRACHA,431,6,2586
2024-03-16,VIDRO,555,10,5550
2024-03-17,AÇO,705,12,8460
2024-03-17,PLÁSTICO,539,8,4312
2024-03-17,ALUMÍNIO,340,15,5100
2024-03-17,BORRACHA,471,6,2826
2024-03-17,VIDRO,509,10,5090
2024-03-18,AÇO,506,12,6072
2024-03-18,PLÁSTICO,441,8,3528
2024-03-18,ALUMÍNIO,519,15,7785
2024-03-18,BORRACHA,400,6,2400
2024-03-18,VIDRO,424,10,4240
2024-03-19,AÇO,551,12,6612
2024-03-19,PLÁSTICO,418,8,3344
2024-03-19,ALUMÍNIO,543,15,8145
2024-03-19,BORRACHA,390,6,2340
2024-03-19,VIDRO,641,10,6410
2024-03-20,AÇO,438,12,5256
2024-03-20,PLÁSTICO,482,8,3856
2024-03-20,ALUMÍNIO,526,15,7890
2024-03-20,BORRACHA,454,6,2724
2024-03-20,VIDRO,511,10,5110
2024-03-21,AÇO,546,12,6552
2024-03-21,PLÁSTICO,576,8,4608
2024-03-21,ALUMÍNIO,563,15,8445
2024-03-21,BORRACHA,486,6,2916
2024-03-21,VIDRO,488,10,4880
2024-03-22,AÇO,687,12,8244
2024-03-22,PLÁSTICO,575,8,4600
2024-03-22,ALUMÍNIO,426,15,6390
2024-03-22,BORRACHA,507,6,3042
2024-03-22,VIDRO,473,10,4730
2024-03-23,AÇO,489,12,5868
2024-03-23,PLÁSTICO,401,8,3208
2024-03-23,ALUMÍNIO,467,15,7005
2024-03-23,BORRACHA,644,6,3864
2024-03-23,VIDRO,546,10,5460
2024-03-24,AÇO,300,12,3600
2024-03-24,PLÁSTICO,597,8,4776
2024-03-24,ALUMÍNIO,587,15,8805
2024-03-24,BORRACHA,471,6,2826
2024-03-24,VIDRO,557,10,5570
2024-03-25,AÇO,431,12,5172
2024-03-25,PLÁSTICO,462,8,3696
2024-03-25,ALUMÍNIO,619,15,9285
2024-03-25,BORRACHA,478,6,2868
2024-03-25,VIDRO,350,10,3500
2024-03-26,AÇO,494,12,5928
2024-03-26,PLÁSTICO,493,8,3944
2024-03-26,ALUMÍNIO,595,15,8925
2024-03-26,BORRACHA,501,6,3006
2024-03-26,VIDRO,466,10,4660
2024-03-27,AÇO,583,12,6996
2024-03-27,PLÁSTICO,509,8,4072
2024-03-27,ALUMÍNIO,439,15,6585
2024-03-27,BORRACHA,592,6,3552
2024-03-27,VIDRO,515,10,5150
2024-03-28,AÇO,500,12,6000
2024-03-28,PLÁSTICO,514,8,4112
2024-03-28,ALUMÍNIO,414,15,6210
2024-03-28,BORRACHA,457,6,2742
2024-03-28,VIDRO,500,10,5000
2024-03-29,AÇO,484,12,5808
2024-03-29,PLÁSTICO,601,8,4808
2024-03-29,ALUMÍNIO,517,15,7755
2024-03-29,BORRACHA,568,6,3408
2024-03-29,VIDRO,500,10,5000
2024-03-30,AÇO,584,12,7008
2024-03-30,PLÁSTICO,531,8,4248
2024-03-30,ALUMÍNIO,501,15,7515
2024-03-30,BORRACHA,498,6,2988
2024-03-30,VIDRO,423,10,4230
2024-03-31,AÇO,540,12,6480
2024-03-31,PLÁSTICO,496,8,3968
2024-03-31,ALUMÍNIO,459,15,6885
2024-03-31,BORRACHA,588,6,3528
2024-03-31,VIDRO,399,10,3990
2024-04-01,AÇO,466,12,5592
2024-04-01,PLÁSTICO,582,8,4656
2024-04-01,ALUMÍNIO,525,15,7875
2024-04-01,BORRACHA,496,6,2976
2024-04-01,VIDRO,520,10,5200
2024-04-02,AÇO,514,12,6168
2024-04-02,PLÁSTICO,378,8,3024
2024-04-02,ALUMÍNIO,472,15,7080
2024-04-02,BORRACHA,629,6,3774
2024-04-02,VIDRO,447,10,4470
2024-04-03,AÇO,474,12,5688
2024-04-03,PLÁSTICO,456,8,3648
2024-04-03,ALUMÍNIO,493,15,7395
2024-04-03,BORRACHA,453,6,2718
2024-04-03,VIDRO,538,10,5380
2024-04-04,AÇO,515,12,6180
2024-04-04,PLÁSTICO,561,8,4488
2024-04-04,ALUMÍNIO,415,15,6225
2024-04-04,BORRACHA,472,6,2832
2024-04-04,VIDRO,481,10,4810
2024-04-05,AÇO,536,12,6432
2024-04-05,PLÁSTICO,436,8,3488
2024-04-05,ALUMÍNIO,573,15,8595
2024-04-05,BORRACHA,594,6,3564
2024-04-05,VIDRO,420,10,4200
2024-04-06,AÇO,460,12,5520
2024-04-06,PLÁSTICO,457,8,3656
2024-04-06,ALUMÍNIO,710,15,10650
2024-04-06,BORRACHA,465,6,2790
2024-04-06,VIDRO,634,10,6340
2024-04-07,AÇO,398,12,4776
2024-04-07,PLÁSTICO,420,8,3360
2024-04-07,ALUMÍNIO,445,15,6675
2024-04-07,BORRACHA,432,6,2592
2024-04-07,VIDRO,478,10,4780
2024-04-08,AÇO,443,12,5316
2024-04-08,PLÁSTICO,434,8,3472
2024-04-08,ALUMÍNIO,592,15,8880
2024-04-08,BORRACHA,597,6,3582
2024-04-08,VIDRO,575,10,5750
2024-04-09,AÇO,541,12,6492
2024-04-09,PLÁSTICO,507,8,4056
2024-04-09,ALUMÍNIO,460,15,6900
2024-04-09,BORRACHA,423,6,2538
2024-04-09,VIDRO,529,10,5290
2024-04-10,AÇO,406,12,4872
2024-04-10,PLÁSTICO,420,8,3360
2024-04-10,ALUMÍNIO,592,15,8880
2024-04-10,BORRACHA,652,6,3912
2024-04-10,VIDRO,531,10,5310
2024-04-11,AÇO,588,12,7056
2024-04-11,PLÁSTICO,480,8,3840
2024-04-11,ALUMÍNIO,392,15,5880
2024-04-11,BORRACHA,548,6,3288
2024-04-11,VIDRO,545,10,5450
2024-04-12,AÇO,505,12,6060
2024-04-12,PLÁSTICO,480,8,3840
2024-04-12,ALUMÍNIO,576,15,8640
2024-04-12,BORRACHA,421,6,2526
2024-04-12,VIDRO,438,10,4380
2024-04-13,AÇO,419,12,5028
2024-04-13,PLÁSTICO,506,8,4048
2024-04-13,ALUMÍNIO,412,15,6180
2024-04-13,BORRACHA,445,6,2670
2024-04-13,VIDRO,443,10,4430
2024-04-14,AÇO,479,12,5748
2024-04-14,PLÁSTICO,381,8,3048
2024-04-14,ALUMÍNIO,506,15,7590
2024-04-14,BORRACHA,599,6,3594
2024-04-14,VIDRO,510,10,5100
2024-04-15,AÇO,623,12,7476
2024-04-15,PLÁSTICO,606,8,4848
2024-04-15,ALUMÍNIO,562,15,8430
2024-04-15,BORRACHA,505,6,3030
2024-04-15,VIDRO,501,10,5010
2024-04-16,AÇO,561,12,6732
2024-04-16,PLÁSTICO,468,8,3744
2024-04-16,ALUMÍNIO,349,15,5235
2024-04-16,BORRACHA,539,6,3234
2024-04-16,VIDRO,409,10,4090
2024-04-17,AÇO,423,12,5076
2024-04-17,PLÁSTICO,500,8,4000
2024-04-17,ALUMÍNIO,492,15,7380
2024-04-17,BORRACHA,387,6,2322
2024-04-17,VIDRO,513,10,5130
2024-04-18,AÇO,577,12,6924
2024-04-18,PLÁSTICO,409,8,3272
2024-04-18,ALUMÍNIO,601,15,9015
2024-04-18,BORRACHA,375,6,2250
2024-04-18,VIDRO,669,10,6690
2024-04-19,AÇO,467,12,5604
2024-04-19,PLÁSTICO,511,8,4088
2024-04-19,ALUMÍNIO,348,15,5220
2024-04-19,BORRACHA,495,6,2970
2024-04-19,VIDRO,518,10,5180
2024-04-20,AÇO,493,12,5916
2024-04-20,PLÁSTICO,454,8,3632
2024-04-20,ALUMÍNIO,424,15,6360
2024-04-20,BORRACHA,590,6,3540
2024-04-20,VIDRO,502,10,5020
2024-04-21,AÇO,623,12,7476
2024-04-21,PLÁSTICO,457,8,3656
2024-04-21,ALUMÍNIO,465,15,6975
2024-04-21,BORRACHA,565,6,3390
2024-04-21,VIDRO,370,10,3700
2024-04-22,AÇO,402,12,4824
2024-04-22,PLÁSTICO,587,8,4696
2024-04-22,ALUMÍNIO,406,15,6090
2024-04-22,BORRACHA,354,6,2124
2024-04-22,VIDRO,649,10,6490
2024-04-23,AÇO,388,12,4656
2024-04-23,PLÁSTICO,514,8,4112
2024-04-23,ALUMÍNIO,505,15,7575
2024-04-23,BORRACHA,275,6,1650
2024-04-23,VIDRO,478,10,4780
2024-04-24,AÇO,535,12,6420
2024-04-24,PLÁSTICO,528,8,4224
2024-04-24,ALUMÍNIO,572,15,8580
2024-04-24,BORRACHA,469,6,2814
2024-04-24,VIDRO,557,10,5570
2024-04-25,AÇO,444,12,5328
2024-04-25,PLÁSTICO,387,8,3096
2024-04-25,ALUMÍNIO,396,15,5940
2024-04-25,BORRACHA,383,6,2298
2024-04-25,VIDRO,580,10,5800
2024-04-26,AÇO,378,12,4536
2024-04-26,PLÁSTICO,521,8,4168
2024-04-26,ALUMÍNIO,478,15,7170
2024-04-26,BORRACHA,491,6,2946
2024-04-26,VIDRO,609,10,6090
2024-04-27,AÇO,464,12,5568
2024-04-27,PLÁSTICO,548,8,4384
2024-04-27,ALUMÍNIO,503,15,7545
2024-04-27,BORRACHA,487,6,2922
2024-04-27,VIDRO,683,10,6830
2024-04-28,AÇO,384,12,4608
2024-04-28,PLÁSTICO,603,8,4824
2024-04-28,ALUMÍNIO,552,15,8280
2024-04-28,BORRACHA,461,6,2766
2024-04-28,VIDRO,630,10,6300
2024-04-29,AÇO,352,12,4224
2024-04-29,PLÁSTICO,458,8,3664
2024-04-29,ALUMÍNIO,403,15,6045
2024-04-29,BORRACHA,532,6,3192
2024-04-29,VIDRO,410,10,4100
2024-04-30,AÇO,534,12,6408
2024-04-30,PLÁSTICO,485,8,3880
2024-04-30,ALUMÍNIO,461,15,6915
2024-04-30,BORRACHA,531,6,3186
2024-04-30,VIDRO,478,10,4780
2024-05-01,AÇO,412,12,4944
2024-05-01,PLÁSTICO,724,8,5792
2024-05-01,ALUMÍNIO,461,15,6915
2024-05-01,BORRACHA,322,6,1932
2024-05-01,VIDRO,432,10,4320
2024-05-02,AÇO,398,12,4776
2024-05-02,PLÁSTICO,566,8,4528
2024-05-02,ALUMÍNIO,525,15,7875
2024-05-02,BORRACHA,531,6,3186
2024-05-02,VIDRO,470,10,4700
2024-05-03,AÇO,477,12,5724
2024-05-03,PLÁSTICO,470,8,3760
2024-05-03,ALUMÍNIO,493,15,7395
2024-05-03,BORRACHA,566,6,3396
2024-05-03,VIDRO,526,10,5260
2024-05-04,AÇO,540,12,6480
2024-05-04,PLÁSTICO,539,8,4312
2024-05-04,ALUMÍNIO,570,15,8550
2024-05-04,BORRACHA,523,6,3138
2024-05-04,VIDRO,528,10,5280
2024-05-05,AÇO,595,12,7140
2024-05-05,PLÁSTICO,446,8,3568
2024-05-05,ALUMÍNIO,431,15,6465
2024-05-05,BORRACHA,405,6,2430
2024-05-05,VIDRO,514,10,5140
2024-05-06,AÇO,351,12,4212
2024-05-06,PLÁSTICO,536,8,4288
2024-05-06,ALUMÍNIO,491,15,7365
2024-05-06,BORRACHA,590,6,3540
2024-05-06,VIDRO,446,10,4460
2024-05-07,AÇO,483,12,5796
2024-05-07,PLÁSTICO,589,8,4712
2024-05-07,ALUMÍNIO,610,15,9150
2024-05-07,BORRACHA,445,6,2670
2024-05-07,VIDRO,514,10,5140
2024-05-08,AÇO,523,12,6276
2024-05-08,PLÁSTICO,529,8,4232
2024-05-08,ALUMÍNIO,478,15,7170
2024-05-08,BORRACHA,602,6,3612
2024-05-08,VIDRO,348,10,3480
2024-05-09,AÇO,466,12,5592
2024-05-09,PLÁSTICO,535,8,4280
2024-05-09,ALUMÍNIO,536,15,8040
2024-05-09,BORRACHA,608,6,3648
2024-05-09,VIDRO,595,10,5950
2024-05-10,AÇO,477,12,5724
2024-05-10,PLÁSTICO,603,8,4824
2024-05-10,ALUMÍNIO,442,15,6630
2024-05-10,BORRACHA,574,6,3444
2024-05-10,VIDRO,644,10,6440
2024-05-11,AÇO,597,12,7164
2024-05-11,PLÁSTICO,508,8,4064
2024-05-11,ALUMÍNIO,473,15,7095
2024-05-11,BORRACHA,377,6,2262
2024-05-11,VIDRO,524,10,5240
2024-05-12,AÇO,410,12,4920
2024-05-12,PLÁSTICO,436,8,3488
2024-05-12,ALUMÍNIO,404,15,6060
2024-05-12,BORRACHA,463,6,2778
2024-05-12,VIDRO,497,10,4970
2024-05-13,AÇO,521,12,6252
2024-05-13,PLÁSTICO,451,8,3608
2024-05-13,ALUMÍNIO,585,15,8775
2024-05-13,BORRACHA,483,6,2898
2024-05-13,VIDRO,436,10,4360
2024-05-14,AÇO,518,12,6216
2024-05-14,PLÁSTICO,657,8,5256
2024-05-14,ALUMÍNIO,526,15,7890
2024-05-14,BORRACHA,470,6,2820
2024-05-14,VIDRO,377,10,3770
2024-05-15,AÇO,482,12,5784
2024-05-15,PLÁSTICO,518,8,4144
2024-05-15,ALUMÍNIO,468,15,7020
2024-05-15,BORRACHA,366,6,2196
2024-05-15,VIDRO,431,10,4310
2024-05-16,AÇO,616,12,7392
2024-05-16,PLÁSTICO,614,8,4912
2024-05-16,ALUMÍNIO,429,15,6435
2024-05-16,BORRACHA,553,6,3318
2024-05-16,VIDRO,405,10,4050
2024-05-17,AÇO,612,12,7344
2024-05-17,PLÁSTICO,519,8,4152
2024-05-17,ALUMÍNIO,575,15,8625
2024-05-17,BORRACHA,362,6,2172
2024-05-17,VIDRO,554,10,5540
2024-05-18,AÇO,499,12,5988
2024-05-18,PLÁSTICO,568,8,4544
2024-05-18,ALUMÍNIO,573,15,8595
2024-05-18,BORRACHA,505,6,3030
2024-05-18,VIDRO,451,10,4510
2024-05-19,AÇO,562,12,6744
2024-05-19,PLÁSTICO,495,8,3960
2024-05-19,ALUMÍNIO,430,15,6450
2024-05-19,BORRACHA,426,6,2556
2024-05-19,VIDRO,381,10,3810
2024-05-20,AÇO,459,12,5508
2024-05-20,PLÁSTICO,588,8,4704
2024-05-20,ALUMÍNIO,514,15,7710
2024-05-20,BORRACHA,457,6,2742
2024-05-20,VIDRO,564,10,5640
2024-05-21,AÇO,433,12,5196
2024-05-21,PLÁSTICO,507,8,4056
2024-05-21,ALUMÍNIO,485,15,7275
2024-05-21,BORRACHA,562,6,3372
2024-05-21,VIDRO,373,10,3730
2024-05-22,AÇO,431,12,5172
2024-05-22,PLÁSTICO,368,8,2944
2024-05-22,ALUMÍNIO,479,15,7185
2024-05-22,BORRACHA,596,6,3576
2024-05-22,VIDRO,459,10,4590
2024-05-23,AÇO,459,12,5508
2024-05-23,PLÁSTICO,569,8,4552
2024-05-23,ALUMÍNIO,585,15,8775
2024-05-23,BORRACHA,492,6,2952
2024-05-23,VIDRO,554,10,5540
2024-05-24,AÇO,413,12,4956
2024-05-24,PLÁSTICO,610,8,4880
2024-05-24,ALUMÍNIO,671,15,10065
2024-05-24,BORRACHA,541,6,3246
2024-05-24,VIDRO,333,10,3330
2024-05-25,AÇO,455,12,5460
2024-05-25,PLÁSTICO,549,8,4392
2024-05-25,ALUMÍNIO,466,15,6990
2024-05-25,BORRACHA,601,6,3606
2024-05-25,VIDRO,547,10,5470
2024-05-26,AÇO,443,12,5316
2024-05-26,PLÁSTICO,502,8,4016
2024-05-26,ALUMÍNIO,428,15,6420
2024-05-26,BORRACHA,485,6,2910
2024-05-26,VIDRO,455,10,4550
2024-05-27,AÇO,593,12,7116
2024-05-27,PLÁSTICO,669,8,5352
2024-05-27,ALUMÍNIO,385,15,5775
2024-05-27,BORRACHA,346,6,2076
2024-05-27,VIDRO,480,10,4800
2024-05-28,AÇO,378,12,4536
2024-05-28,PLÁSTICO,503,8,4024
2024-05-28,ALUMÍNIO,559,15,8385
2024-05-28,BORRACHA,619,6,3714
2024-05-28,VIDRO,516,10,5160
2024-05-29,AÇO,484,12,5808
2024-05-29,PLÁSTICO,341,8,2728
2024-05-29,ALUMÍNIO,502,15,7530
2024-05-29,BORRACHA,505,6,3030
2024-05-29,VIDRO,551,10,5510
2024-05-30,AÇO,443,12,5316
2024-05-30,PLÁSTICO,465,8,3720
2024-05-30,ALUMÍNIO,381,15,5715
2024-05-30,BORRACHA,316,6,1896
2024-05-30,VIDRO,411,10,4110
2024-05-31,AÇO,374,12,4488
2024-05-31,PLÁSTICO,526,8,4208
2024-05-31,ALUMÍNIO,458,15,6870
2024-05-31,BORRACHA,456,6,2736
2024-05-31,VIDRO,421,10,4210
2024-06-01,AÇO,241,12,2892
2024-06-01,PLÁSTICO,620,8,4960
2024-06-01,ALUMÍNIO,419,15,6285
2024-06-01,BORRACHA,467,6,2802
2024-06-01,VIDRO,383,10,3830
2024-06-02,AÇO,577,12,6924
2024-06-02,PLÁSTICO,511,8,4088
2024-06-02,ALUMÍNIO,433,15,6495
2024-06-02,BORRACHA,468,6,2808
2024-06-02,VIDRO,634,10,6340
2024-06-03,AÇO,494,12,5928
2024-06-03,PLÁSTICO,485,8,3880
2024-06-03,ALUMÍNIO,424,15,6360
2024-06-03,BORRACHA,348,6,2088
2024-06-03,VIDRO,487,10,4870
2024-06-04,AÇO,526,12,6312
2024-06-04,PLÁSTICO,587,8,4696
2024-06-04,ALUMÍNIO,320,15,4800
2024-06-04,BORRACHA,409,6,2454
2024-06-04,VIDRO,453,10,4530
2024-06-05,AÇO,499,12,5988
2024-06-05,PLÁSTICO,488,8,3904
2024-06-05,ALUMÍNIO,490,15,7350
2024-06-05,BORRACHA,532,6,3192
2024-06-05,VIDRO,427,10,4270
2024-06-06,AÇO,574,12,6888
2024-06-06,PLÁSTICO,534,8,4272
2024-06-06,ALUMÍNIO,474,15,7110
2024-06-06,BORRACHA,628,6,3768
2024-06-06,VIDRO,624,10,6240
2024-06-07,AÇO,574,12,6888
2024-06-07,PLÁSTICO,258,8,2064
2024-06-07,ALUMÍNIO,626,15,9390
2024-06-07,BORRACHA,563,6,3378
2024-06-07,VIDRO,660,10,6600
2024-06-08,AÇO,598,12,7176
2024-06-08,PLÁSTICO,626,8,5008
2024-06-08,ALUMÍNIO,570,15,8550
2024-06-08,BORRACHA,607,6,3642
2024-06-08,VIDRO,659,10,6590
2024-06-09,AÇO,517,12,6204
2024-06-09,PLÁSTICO,374,8,2992
2024-06-09,ALUMÍNIO,475,15,7125
2024-06-09,BORRACHA,531,6,3186
2024-06-09,VIDRO,505,10,5050
2024-06-10,AÇO,400,12,4800
2024-06-10,PLÁSTICO,369,8,2952
2024-06-10,ALUMÍNIO,440,15,6600
2024-06-10,BORRACHA,564,6,3384
2024-06-10,VIDRO,626,10,6260
2024-06-11,AÇO,573,12,6876
2024-06-11,PLÁSTICO,584,8,4672
2024-06-11,ALUMÍNIO,493,15,7395
2024-06-11,BORRACHA,360,6,2160
2024-06-11,VIDRO,463,10,4630
2024-06-12,AÇO,479,12,5748
2024-06-12,PLÁSTICO,460,8,3680
2024-06-12,ALUMÍNIO,504,15,7560
2024-06-12,BORRACHA,535,6,3210
2024-06-12,VIDRO,568,10,5680
2024-06-13,AÇO,477,12,5724
2024-06-13,PLÁSTICO,347,8,2776
2024-06-13,ALUMÍNIO,461,15,6915
2024-06-13,BORRACHA,503,6,3018
2024-06-13,VIDRO,597,10,5970
2024-06-14,AÇO,454,12,5448
2024-06-14,PLÁSTICO,541,8,4328
2024-06-14,ALUMÍNIO,523,15,7845
2024-06-14,BORRACHA,503,6,3018
2024-06-14,VIDRO,574,10,5740
2024-06-15,AÇO,447,12,5364
2024-06-15,PLÁSTICO,453,8,3624
2024-06-15,ALUMÍNIO,499,15,7485
2024-06-15,BORRACHA,448,6,2688
2024-06-15,VIDRO,540,10,5400
2024-06-16,AÇO,442,12,5304
2024-06-16,PLÁSTICO,518,8,4144
2024-06-16,ALUMÍNIO,491,15,7365
2024-06-16,BORRACHA,517,6,3102
2024-06-16,VIDRO,463,10,4630
2024-06-17,AÇO,472,12,5664
2024-06-17,PLÁSTICO,507,8,4056
2024-06-17,ALUMÍNIO,516,15,7740
2024-06-17,BORRACHA,499,6,2994
2024-06-17,VIDRO,636,10,6360
2024-06-18,AÇO,420,12,5040
2024-06-18,PLÁSTICO,494,8,3952
2024-06-18,ALUMÍNIO,374,15,5610
2024-06-18,BORRACHA,529,6,3174
2024-06-18,VIDRO,410,10,4100
2024-06-19,AÇO,477,12,5724
2024-06-19,PLÁSTICO,470,8,3760
2024-06-19,ALUMÍNIO,522,15,7830
2024-06-19,BORRACHA,455,6,2730
2024-06-19,VIDRO,452,10,4520
2024-06-20,AÇO,614,12,7368
2024-06-20,PLÁSTICO,522,8,4176
2024-06-20,ALUMÍNIO,455,15,6825
2024-06-20,BORRACHA,479,6,2874
2024-06-20,VIDRO,631,10,6310
2024-06-21,AÇO,481,12,5772
2024-06-21,PLÁSTICO,444,8,3552
2024-06-21,ALUMÍNIO,445,15,6675
2024-06-21,BORRACHA,456,6,2736
2024-06-21,VIDRO,452,10,4520
2024-06-22,AÇO,397,12,4764
2024-06-22,PLÁSTICO,410,8,3280
2024-06-22,ALUMÍNIO,433,15,6495
2024-06-22,BORRACHA,547,6,3282
2024-06-22,VIDRO,469,10,4690
2024-06-23,AÇO,483,12,5796
2024-06-23,PLÁSTICO,601,8,4808
2024-06-23,ALUMÍNIO,603,15,9045
2024-06-23,BORRACHA,477,6,2862
2024-06-23,VIDRO,449,10,4490
2024-06-24,AÇO,430,12,5160
2024-06-24,PLÁSTICO,555,8,4440
2024-06-24,ALUMÍNIO,483,15,7245
2024-06-24,BORRACHA,469,6,2814
2024-06-24,VIDRO,434,10,4340
2024-06-25,AÇO,438,12,5256
2024-06-25,PLÁSTICO,525,8,4200
2024-06-25,ALUMÍNIO,394,15,5910
2024-06-25,BORRACHA,579,6,3474
2024-06-25,VIDRO,457,10,4570
2024-06-26,AÇO,488,12,5856
2024-06-26,PLÁSTICO,393,8,3144
2024-06-26,ALUMÍNIO,499,15,7485
2024-06-26,BORRACHA,473,6,2838
2024-06-26,VIDRO,495,10,4950
2024-06-27,AÇO,617,12,7404
2024-06-27,PLÁSTICO,514,8,4112
2024-06-27,ALUMÍNIO,436,15,6540
2024-06-27,BORRACHA,443,6,2658
2024-06-27,VIDRO,547,10,5470
2024-06-28,AÇO,603,12,7236
2024-06-28,PLÁSTICO,522,8,4176
2024-06-28,ALUMÍNIO,555,15,8325
2024-06-28,BORRACHA,548,6,3288
2024-06-28,VIDRO,613,10,6130
2024-06-29,AÇO,344,12,4128
2024-06-29,PLÁSTICO,553,8,4424
2024-06-29,ALUMÍNIO,578,15,8670
2024-06-29,BORRACHA,392,6,2352
2024-06-29,VIDRO,429,10,4290
2024-06-30,AÇO,431,12,5172
2024-06-30,PLÁSTICO,441,8,3528
2024-06-30,ALUMÍNIO,461,15,6915
2024-06-30,BORRACHA,519,6,3114
2024-06-30,VIDRO,569,10,5690
2024-07-01,AÇO,586,12,7032
2024-07-01,PLÁSTICO,432,8,3456
2024-07-01,ALUMÍNIO,432,15,6480
2024-07-01,BORRACHA,605,6,3630
2024-07-01,VIDRO,551,10,5510
2024-07-02,AÇO,506,12,6072
2024-07-02,PLÁSTICO,537,8,4296
2024-07-02,ALUMÍNIO,497,15,7455
2024-07-02,BORRACHA,541,6,3246
2024-07-02,VIDRO,473,10,4730
2024-07-03,AÇO,521,12,6252
2024-07-03,PLÁSTICO,379,8,3032
2024-07-03,ALUMÍNIO,444,15,6660
2024-07-03,BORRACHA,445,6,2670
2024-07-03,VIDRO,470,10,4700
2024-07-04,AÇO,425,12,5100
2024-07-04,PLÁSTICO,457,8,3656
2024-07-04,ALUMÍNIO,378,15,5670
2024-07-04,BORRACHA,543,6,3258
2024-07-04,VIDRO,493,10,4930
2024-07-05,AÇO,363,12,4356
2024-07-05,PLÁSTICO,433,8,3464
2024-07-05,ALUMÍNIO,526,15,7890
2024-07-05,BORRACHA,456,6,2736
2024-07-05,VIDRO,444,10,4440
2024-07-06,AÇO,494,12,5928
2024-07-06,PLÁSTICO,527,8,4216
2024-07-06,ALUMÍNIO,385,15,5775
2024-07-06,BORRACHA,544,6,3264
2024-07-06,VIDRO,435,10,4350
2024-07-07,AÇO,498,12,5976
2024-07-07,PLÁSTICO,497,8,3976
2024-07-07,ALUMÍNIO,457,15,6855
2024-07-07,BORRACHA,418,6,2508
2024-07-07,VIDRO,477,10,4770
2024-07-08,AÇO,630,12,7560
2024-07-08,PLÁSTICO,391,8,3128
2024-07-08,ALUMÍNIO,635,15,9525
2024-07-08,BORRACHA,479,6,2874
2024-07-08,VIDRO,502,10,5020
2024-07-09,AÇO,413,12,4956
2024-07-09,PLÁSTICO,438,8,3504
2024-07-09,ALUMÍNIO,459,15,6885
2024-07-09,BORRACHA,416,6,2496
2024-07-09,VIDRO,483,10,4830
2024-07-10,AÇO,467,12,5604
2024-07-10,PLÁSTICO,648,8,5184
2024-07-10,ALUMÍNIO,406,15,6090
2024-07-10,BORRACHA,508,6,3048
2024-07-10,VIDRO,519,10,5190
2024-07-11,AÇO,414,12,4968
2024-07-11,PLÁSTICO,554,8,4432
2024-07-11,ALUMÍNIO,468,15,7020
2024-07-11,BORRACHA,300,6,1800
2024-07-11,VIDRO,552,10,5520
2024-07-12,AÇO,410,12,4920
2024-07-12,PLÁSTICO,416,8,3328
2024-07-12,ALUMÍNIO,555,15,8325
2024-07-12,BORRACHA,472,6,2832
2024-07-12,VIDRO,573,10,5730
2024-07-13,AÇO,596,12,7152
2024-07-13,PLÁSTICO,448,8,3584
2024-07-13,ALUMÍNIO,563,15,8445
2024-07-13,BORRACHA,439,6,2634
2024-07-13,VIDRO,678,10,6780
2024-07-14,AÇO,444,12,5328
2024-07-14,PLÁSTICO,582,8,4656
2024-07-14,ALUMÍNIO,567,15,8505
2024-07-14,BORRACHA,525,6,3150
2024-07-14,VIDRO,446,10,4460
2024-07-15,AÇO,487,12,5844
2024-07-15,PLÁSTICO,327,8,2616
2024-07-15,ALUMÍNIO,517,15,7755
2024-07-15,BORRACHA,527,6,3162
2024-07-15,VIDRO,510,10,5100
2024-07-16,AÇO,262,12,3144
2024-07-16,PLÁSTICO,398,8,3184
2024-07-16,ALUMÍNIO,440,15,6600
2024-07-16,BORRACHA,523,6,3138
2024-07-16,VIDRO,523,10,5230
2024-07-17,AÇO,486,12,5832
2024-07-17,PLÁSTICO,550,8,4400
2024-07-17,ALUMÍNIO,417,15,6255
2024-07-17,BORRACHA,548,6,3288
2024-07-17,VIDRO,537,10,5370
2024-07-18,AÇO,530,12,6360
2024-07-18,PLÁSTICO,485,8,3880
2024-07-18,ALUMÍNIO,646,15,9690
2024-07-18,BORRACHA,539,6,3234
2024-07-18,VIDRO,422,10,4220
2024-07-19,AÇO,519,12,6228
2024-07-19,PLÁSTICO,560,8,4480
2024-07-19,ALUMÍNIO,452,15,6780
2024-07-19,BORRACHA,587,6,3522
2024-07-19,VIDRO,530,10,5300
2024-07-20,AÇO,312,12,3744
2024-07-20,PLÁSTICO,523,8,4184
2024-07-20,ALUMÍNIO,467,15,7005
2024-07-20,BORRACHA,542,6,3252
2024-07-20,VIDRO,575,10,5750
2024-07-21,AÇO,515,12,6180
2024-07-21,PLÁSTICO,633,8,5064
2024-07-21,ALUMÍNIO,485,15,7275
2024-07-21,BORRACHA,549,6,3294
2024-07-21,VIDRO,564,10,5640
2024-07-22,AÇO,492,12,5904
2024-07-22,PLÁSTICO,562,8,4496
2024-07-22,ALUMÍNIO,452,15,6780
2024-07-22,BORRACHA,466,6,2796
2024-07-22,VIDRO,395,10,3950
2024-07-23,AÇO,519,12,6228
2024-07-23,PLÁSTICO,526,8,4208
2024-07-23,ALUMÍNIO,594,15,8910
2024-07-23,BORRACHA,563,6,3378
2024-07-23,VIDRO,477,10,4770
2024-07-24,AÇO,405,12,4860
2024-07-24,PLÁSTICO,534,8,4272
2024-07-24,ALUMÍNIO,588,15,8820
2024-07-24,BORRACHA,560,6,3360
2024-07-24,VIDRO,586,10,5860
2024-07-25,AÇO,483,12,5796
2024-07-25,PLÁSTICO,462,8,3696
2024-07-25,ALUMÍNIO,441,15,6615
2024-07-25,BORRACHA,495,6,2970
2024-07-25,VIDRO,493,10,4930
2024-07-26,AÇO,516,12,6192
2024-07-26,PLÁSTICO,489,8,3912
2024-07-26,ALUMÍNIO,489,15,7335
2024-07-26,BORRACHA,437,6,2622
2024-07-26,VIDRO,575,10,5750
2024-07-27,AÇO,506,12,6072
2024-07-27,PLÁSTICO,486,8,3888
2024-07-27,ALUMÍNIO,440,15,6600
2024-07-27,BORRACHA,393,6,2358
2024-07-27,VIDRO,604,10,6040
2024-07-28,AÇO,544,12,6528
2024-07-28,PLÁSTICO,370,8,2960
2024-07-28,ALUMÍNIO,561,15,8415
2024-07-28,BORRACHA,573,6,3438
2024-07-28,VIDRO,509,10,5090
2024-07-29,AÇO,627,12,7524
2024-07-29,PLÁSTICO,517,8,4136
2024-07-29,ALUMÍNIO,386,15,5790
2024-07-29,BORRACHA,529,6,3174
2024-07-29,VIDRO,519,10,5190
2024-07-30,AÇO,451,12,5412
2024-07-30,PLÁSTICO,545,8,4360
2024-07-30,ALUMÍNIO,366,15,5490
2024-07-30,BORRACHA,579,6,3474
2024-07-30,VIDRO,429,10,4290
2024-07-31,AÇO,421,12,5052
2024-07-31,PLÁSTICO,490,8,3920
2024-07-31,ALUMÍNIO,534,15,8010
2024-07-31,BORRACHA,513,6,3078
2024-07-31,VIDRO,440,10,4400
2024-08-01,AÇO,459,12,5508
2024-08-01,PLÁSTICO,409,8,3272
2024-08-01,ALUMÍNIO,482,15,7230
2024-08-01,BORRACHA,586,6,3516
2024-08-01,VIDRO,499,10,4990
2024-08-02,AÇO,568,12,6816
2024-08-02,PLÁSTICO,616,8,4928
2024-08-02,ALUMÍNIO,452,15,6780
2024-08-02,BORRACHA,485,6,2910
2024-08-02,VIDRO,673,10,6730
2024-08-03,AÇO,615,12,7380
2024-08-03,PLÁSTICO,366,8,2928
2024-08-03,ALUMÍNIO,530,15,7950
2024-08-03,BORRACHA,500,6,3000
2024-08-03,VIDRO,566,10,5660
2024-08-04,AÇO,440,12,5280
2024-08-04,PLÁSTICO,432,8,3456
2024-08-04,ALUMÍNIO,445,15,6675
2024-08-04,BORRACHA,454,6,2724
2024-08-04,VIDRO,565,10,5650
2024-08-05,AÇO,405,12,4860
2024-08-05,PLÁSTICO,450,8,3600
2024-08-05,ALUMÍNIO,356,15,5340
2024-08-05,BORRACHA,580,6,3480
2024-08-05,VIDRO,601,10,6010
2024-08-06,AÇO,473,12,5676
2024-08-06,PLÁSTICO,476,8,3808
2024-08-06,ALUMÍNIO,536,15,8040
2024-08-06,BORRACHA,617,6,3702
2024-08-06,VIDRO,532,10,5320
2024-08-07,AÇO,444,12,5328
2024-08-07,PLÁSTICO,370,8,2960
2024-08-07,ALUMÍNIO,410,15,6150
2024-08-07,BORRACHA,505,6,3030
2024-08-07,VIDRO,447,10,4470
2024-08-08,AÇO,515,12,6180
2024-08-08,PLÁSTICO,455,8,3640
2024-08-08,ALUMÍNIO,415,15,6225
2024-08-08,BORRACHA,405,6,2430
2024-08-08,VIDRO,624,10,6240
2024-08-09,AÇO,571,12,6852
2024-08-09,PLÁSTICO,638,8,5104
2024-08-09,ALUMÍNIO,543,15,8145
2024-08-09,BORRACHA,465,6,2790
2024-08-09,VIDRO,605,10,6050
2024-08-10,AÇO,497,12,5964
2024-08-10,PLÁSTICO,517,8,4136
2024-08-10,ALUMÍNIO,496,15,7440
2024-08-10,BORRACHA,264,6,1584
2024-08-10,VIDRO,628,10,6280
2024-08-11,AÇO,539,12,6468
2024-08-11,PLÁSTICO,526,8,4208
2024-08-11,ALUMÍNIO,495,15,7425
2024-08-11,BORRACHA,513,6,3078
2024-08-11,VIDRO,452,10,4520
2024-08-12,AÇO,549,12,6588
2024-08-12,PLÁSTICO,395,8,3160
2024-08-12,ALUMÍNIO,514,15,7710
2024-08-12,BORRACHA,544,6,3264
2024-08-12,VIDRO,484,10,4840
2024-08-13,AÇO,529,12,6348
2024-08-13,PLÁSTICO,420,8,3360
2024-08-13,ALUMÍNIO,422,15,6330
2024-08-13,BORRACHA,518,6,3108
2024-08-13,VIDRO,554,10,5540
2024-08-14,AÇO,350,12,4200
2024-08-14,PLÁSTICO,541,8,4328
2024-08-14,ALUMÍNIO,456,15,6840
2024-08-14,BORRACHA,484,6,2904
2024-08-14,VIDRO,392,10,3920
2024-08-15,AÇO,431,12,5172
2024-08-15,PLÁSTICO,577,8,4616
2024-08-15,ALUMÍNIO,502,15,7530
2024-08-15,BORRACHA,469,6,2814
2024-08-15,VIDRO,490,10,4900
2024-08-16,AÇO,539,12,6468
2024-08-16,PLÁSTICO,535,8,4280
2024-08-16,ALUMÍNIO,493,15,7395
2024-08-16,BORRACHA,587,6,3522
2024-08-16,VIDRO,577,10,5770
2024-08-17,AÇO,533,12,6396
2024-08-17,PLÁSTICO,504,8,4032
2024-08-17,ALUMÍNIO,552,15,8280
2024-08-17,BORRACHA,525,6,3150
2024-08-17,VIDRO,584,10,5840
2024-08-18,AÇO,571,12,6852
2024-08-18,PLÁSTICO,418,8,3344
2024-08-18,ALUMÍNIO,413,15,6195
2024-08-18,BORRACHA,443,6,2658
2024-08-18,VIDRO,578,10,5780
2024-08-19,AÇO,373,12,4476
2024-08-19,PLÁSTICO,531,8,4248
2024-08-19,ALUMÍNIO,529,15,7935
2024-08-19,BORRACHA,593,6,3558
2024-08-19,VIDRO,514,10,5140
2024-08-20,AÇO,392,12,4704
2024-08-20,PLÁSTICO,423,8,3384
2024-08-20,ALUMÍNIO,405,15,6075
2024-08-20,BORRACHA,456,6,2736
2024-08-20,VIDRO,485,10,4850
2024-08-21,AÇO,406,12,4872
2024-08-21,PLÁSTICO,617,8,4936
2024-08-21,ALUMÍNIO,393,15,5895
2024-08-21,BORRACHA,607,6,3642
2024-08-21,VIDRO,594,10,5940
2024-08-22,AÇO,571,12,6852
2024-08-22,PLÁSTICO,444,8,3552
2024-08-22,ALUMÍNIO,527,15,7905
2024-08-22,BORRACHA,397,6,2382
2024-08-22,VIDRO,572,10,5720
2024-08-23,AÇO,494,12,5928
2024-08-23,PLÁSTICO,467,8,3736
2024-08-23,ALUMÍNIO,402,15,6030
2024-08-23,BORRACHA,301,6,1806
2024-08-23,VIDRO,416,10,4160
2024-08-24,AÇO,589,12,7068
2024-08-24,PLÁSTICO,467,8,3736
2024-08-24,ALUMÍNIO,486,15,7290
2024-08-24,BORRACHA,552,6,3312
2024-08-24,VIDRO,644,10,6440
2024-08-25,AÇO,606,12,7272
2024-08-25,PLÁSTICO,422,8,3376
2024-08-25,ALUMÍNIO,344,15,5160
2024-08-25,BORRACHA,688,6,4128
2024-08-25,VIDRO,681,10,6810
2024-08-26,AÇO,515,12,6180
2024-08-26,PLÁSTICO,398,8,3184
2024-08-26,ALUMÍNIO,577,15,8655
2024-08-26,BORRACHA,491,6,2946
2024-08-26,VIDRO,490,10,4900
2024-08-27,AÇO,571,12,6852
2024-08-27,PLÁSTICO,526,8,4208
2024-08-27,ALUMÍNIO,405,15,6075
2024-08-27,BORRACHA,474,6,2844
2024-08-27,VIDRO,552,10,5520
2024-08-28,AÇO,540,12,6480
2024-08-28,PLÁSTICO,520,8,4160
2024-08-28,ALUMÍNIO,574,15,8610
2024-08-28,BORRACHA,471,6,2826
2024-08-28,VIDRO,514,10,5140
2024-08-29,AÇO,229,12,2748
2024-08-29,PLÁSTICO,464,8,3712
2024-08-29,ALUMÍNIO,561,15,8415
2024-08-29,BORRACHA,468,6,2808
2024-08-29,VIDRO,462,10,4620
2024-08-30,AÇO,416,12,4992
2024-08-30,PLÁSTICO,580,8,4640
2024-08-30,ALUMÍNIO,543,15,8145
2024-08-30,BORRACHA,566,6,3396
2024-08-30,VIDRO,361,10,3610
2024-08-31,AÇO,487,12,5844
2024-08-31,PLÁSTICO,477,8,3816
2024-08-31,ALUMÍNIO,477,15,7155
2024-08-31,BORRACHA,450,6,2700
2024-08-31,VIDRO,472,10,4720
2024-09-01,AÇO,567,12,6804
2024-09-01,PLÁSTICO,346,8,2768
2024-09-01,ALUMÍNIO,642,15,9630
2024-09-01,BORRACHA,538,6,3228
2024-09-01,VIDRO,496,10,4960
2024-09-02,AÇO,572,12,6864
2024-09-02,PLÁSTICO,383,8,3064
2024-09-02,ALUMÍNIO,446,15,6690
2024-09-02,BORRACHA,490,6,2940
2024-09-02,VIDRO,609,10,6090
2024-09-03,AÇO,496,12,5952
2024-09-03,PLÁSTICO,536,8,4288
2024-09-03,ALUMÍNIO,452,15,6780
2024-09-03,BORRACHA,538,6,3228
2024-09-03,VIDRO,634,10,6340
2024-09-04,AÇO,579,12,6948
2024-09-04,PLÁSTICO,493,8,3944
2024-09-04,ALUMÍNIO,554,15,8310
2024-09-04,BORRACHA,546,6,3276
2024-09-04,VIDRO,540,10,5400
2024-09-05,AÇO,588,12,7056
2024-09-05,PLÁSTICO,588,8,4704
2024-09-05,ALUMÍNIO,489,15,7335
2024-09-05,BORRACHA,551,6,3306
2024-09-05,VIDRO,469,10,4690
2024-09-06,AÇO,426,12,5112
2024-09-06,PLÁSTICO,478,8,3824
2024-09-06,ALUMÍNIO,493,15,7395
2024-09-06,BORRACHA,367,6,2202
2024-09-06,VIDRO,568,10,5680
2024-09-07,AÇO,278,12,3336
2024-09-07,PLÁSTICO,717,8,5736
2024-09-07,ALUMÍNIO,620,15,9300
2024-09-07,BORRACHA,479,6,2874
2024-09-07,VIDRO,500,10,5000
2024-09-08,AÇO,524,12,6288
2024-09-08,PLÁSTICO,452,8,3616
2024-09-08,ALUMÍNIO,515,15,7725
2024-09-08,BORRACHA,488,6,2928
2024-09-08,VIDRO,492,10,4920
2024-09-09,AÇO,514,12,6168
2024-09-09,PLÁSTICO,394,8,3152
2024-09-09,ALUMÍNIO,503,15,7545
2024-09-09,BORRACHA,513,6,3078
2024-09-09,VIDRO,510,10,5100
2024-09-10,AÇO,482,12,5784
2024-09-10,PLÁSTICO,591,8,4728
2024-09-10,ALUMÍNIO,471,15,7065
2024-09-10,BORRACHA,518,6,3108
2024-09-10,VIDRO,603,10,6030
2024-09-11,AÇO,493,12,5916
2024-09-11,PLÁSTICO,517,8,4136
2024-09-11,ALUMÍNIO,492,15,7380
2024-09-11,BORRACHA,598,6,3588
2024-09-11,VIDRO,479,10,4790
2024-09-12,AÇO,602,12,7224
2024-09-12,PLÁSTICO,491,8,3928
2024-09-12,ALUMÍNIO,431,15,6465
2024-09-12,BORRACHA,554,6,3324
2024-09-12,VIDRO,475,10,4750
2024-09-13,AÇO,549,12,6588
2024-09-13,PLÁSTICO,281,8,2248
2024-09-13,ALUMÍNIO,500,15,7500
2024-09-13,BORRACHA,463,6,2778
2024-09-13,VIDRO,414,10,4140
2024-09-14,AÇO,455,12,5460
2024-09-14,PLÁSTICO,454,8,3632
2024-09-14,ALUMÍNIO,496,15,7440
2024-09-14,BORRACHA,390,6,2340
2024-09-14,VIDRO,525,10,5250
2024-09-15,AÇO,609,12,7308
2024-09-15,PLÁSTICO,522,8,4176
2024-09-15,ALUMÍNIO,564,15,8460
2024-09-15,BORRACHA,587,6,3522
2024-09-15,VIDRO,598,10,5980
2024-09-16,AÇO,649,12,7788
2024-09-16,PLÁSTICO,460,8,3680
2024-09-16,ALUMÍNIO,442,15,6630
2024-09-16,BORRACHA,562,6,3372
2024-09-16,VIDRO,556,10,5560
2024-09-17,AÇO,562,12,6744
2024-09-17,PLÁSTICO,651,8,5208
2024-09-17,ALUMÍNIO,500,15,7500
2024-09-17,BORRACHA,534,6,3204
2024-09-17,VIDRO,421,10,4210
2024-09-18,AÇO,670,12,8040
2024-09-18,PLÁSTICO,473,8,3784
2024-09-18,ALUMÍNIO,475,15,7125
2024-09-18,BORRACHA,472,6,2832
2024-09-18,VIDRO,448,10,4480
2024-09-19,AÇO,441,12,5292
2024-09-19,PLÁSTICO,458,8,3664
2024-09-19,ALUMÍNIO,390,15,5850
2024-09-19,BORRACHA,437,6,2622
2024-09-19,VIDRO,655,10,6550
2024-09-20,AÇO,558,12,6696
2024-09-20,PLÁSTICO,574,8,4592
2024-09-20,ALUMÍNIO,594,15,8910
2024-09-20,BORRACHA,646,6,3876
2024-09-20,VIDRO,358,10,3580
2024-09-21,AÇO,401,12,4812
2024-09-21,PLÁSTICO,435,8,3480
2024-09-21,ALUMÍNIO,462,15,6930
2024-09-21,BORRACHA,475,6,2850
2024-09-21,VIDRO,464,10,4640
2024-09-22,AÇO,517,12,6204
2024-09-22,PLÁSTICO,502,8,4016
2024-09-22,ALUMÍNIO,442,15,6630
2024-09-22,BORRACHA,325,6,1950
2024-09-22,VIDRO,420,10,4200
2024-09-23,AÇO,456,12,5472
2024-09-23,PLÁSTICO,480,8,3840
2024-09-23,ALUMÍNIO,409,15,6135
2024-09-23,BORRACHA,460,6,2760
2024-09-23,VIDRO,409,10,4090
2024-09-24,AÇO,489,12,5868
2024-09-24,PLÁSTICO,414,8,3312
2024-09-24,ALUMÍNIO,432,15,6480
2024-09-24,BORRACHA,395,6,2370
2024-09-24,VIDRO,487,10,4870
2024-09-25,AÇO,430,12,5160
2024-09-25,PLÁSTICO,572,8,4576
2024-09-25,ALUMÍNIO,532,15,7980
2024-09-25,BORRACHA,494,6,2964
2024-09-25,VIDRO,436,10,4360
2024-09-26,AÇO,530,12,6360
2024-09-26,PLÁSTICO,555,8,4440
2024-09-26,ALUMÍNIO,511,15,7665
2024-09-26,BORRACHA,628,6,3768
2024-09-26,VIDRO,536,10,5360
2024-09-27,AÇO,573,12,6876
2024-09-27,PLÁSTICO,510,8,4080
2024-09-27,ALUMÍNIO,554,15,8310
2024-09-27,BORRACHA,436,6,2616
2024-09-27,VIDRO,463,10,4630
2024-09-28,AÇO,527,12,6324
2024-09-28,PLÁSTICO,527,8,4216
2024-09-28,ALUMÍNIO,540,15,8100
2024-09-28,BORRACHA,588,6,3528
2024-09-28,VIDRO,386,10,3860
2024-09-29,AÇO,422,12,5064
2024-09-29,PLÁSTICO,518,8,4144
2024-09-29,ALUMÍNIO,442,15,6630
2024-09-29,BORRACHA,770,6,4620
2024-09-29,VIDRO,541,10,5410
2024-09-30,AÇO,493,12,5916
2024-09-30,PLÁSTICO,458,8,3664
2024-09-30,ALUMÍNIO,461,15,6915
2024-09-30,BORRACHA,502,6,3012
2024-09-30,VIDRO,508,10,5080
2024-10-01,AÇO,463,12,5556
2024-10-01,PLÁSTICO,478,8,3824
2024-10-01,ALUMÍNIO,607,15,9105
2024-10-01,BORRACHA,610,6,3660
2024-10-01,VIDRO,520,10,5200
2024-10-02,AÇO,392,12,4704
2024-10-02,PLÁSTICO,543,8,4344
2024-10-02,ALUMÍNIO,624,15,9360
2024-10-02,BORRACHA,609,6,3654
2024-10-02,VIDRO,558,10,5580
2024-10-03,AÇO,613,12,7356
2024-10-03,PLÁSTICO,504,8,4032
2024-10-03,ALUMÍNIO,550,15,8250
2024-10-03,BORRACHA,445,6,2670
2024-10-03,VIDRO,523,10,5230
2024-10-04,AÇO,606,12,7272
2024-10-04,PLÁSTICO,452,8,3616
2024-10-04,ALUMÍNIO,431,15,6465
2024-10-04,BORRACHA,507,6,3042
2024-10-04,VIDRO,481,10,4810
2024-10-05,AÇO,551,12,6612
2024-10-05,PLÁSTICO,463,8,3704
2024-10-05,ALUMÍNIO,637,15,9555
2024-10-05,BORRACHA,396,6,2376
2024-10-05,VIDRO,600,10,6000
2024-10-06,AÇO,438,12,5256
2024-10-06,PLÁSTICO,356,8,2848
2024-10-06,ALUMÍNIO,519,15,7785
2024-10-06,BORRACHA,479,6,2874
2024-10-06,VIDRO,411,10,4110
2024-10-07,AÇO,365,12,4380
2024-10-07,PLÁSTICO,499,8,3992
2024-10-07,ALUMÍNIO,578,15,8670
2024-10-07,BORRACHA,546,6,3276
2024-10-07,VIDRO,504,10,5040
2024-10-08,AÇO,538,12,6456
2024-10-08,PLÁSTICO,497,8,3976
2024-10-08,ALUMÍNIO,385,15,5775
2024-10-08,BORRACHA,386,6,2316
2024-10-08,VIDRO,483,10,4830
2024-10-09,AÇO,487,12,5844
2024-10-09,PLÁSTICO,568,8,4544
2024-10-09,ALUMÍNIO,560,15,8400
2024-10-09,BORRACHA,548,6,3288
2024-10-09,VIDRO,477,10,4770
2024-10-10,AÇO,389,12,4668
2024-10-10,PLÁSTICO,532,8,4256
2024-10-10,ALUMÍNIO,542,15,8130
2024-10-10,BORRACHA,308,6,1848
2024-10-10,VIDRO,433,10,4330
2024-10-11,AÇO,444,12,5328
2024-10-11,PLÁSTICO,509,8,4072
2024-10-11,ALUMÍNIO,435,15,6525
2024-10-11,BORRACHA,496,6,2976
2024-10-11,VIDRO,483,10,4830
2024-10-12,AÇO,487,12,5844
2024-10-12,PLÁSTICO,442,8,3536
2024-10-12,ALUMÍNIO,448,15,6720
2024-10-12,BORRACHA,413,6,2478
2024-10-12,VIDRO,530,10,5300
2024-10-13,AÇO,545,12,6540
2024-10-13,PLÁSTICO,438,8,3504
2024-10-13,ALUMÍNIO,621,15,9315
2024-10-13,BORRACHA,474,6,2844
2024-10-13,VIDRO,622,10,6220
2024-10-14,AÇO,448,12,5376
2024-10-14,PLÁSTICO,337,8,2696
2024-10-14,ALUMÍNIO,532,15,7980
2024-10-14,BORRACHA,519,6,3114
2024-10-14,VIDRO,502,10,5020
2024-10-15,AÇO,448,12,5376
2024-10-15,PLÁSTICO,497,8,3976
2024-10-15,ALUMÍNIO,459,15,6885
2024-10-15,BORRACHA,475,6,2850
2024-10-15,VIDRO,567,10,5670
2024-10-16,AÇO,514,12,6168
2024-10-16,PLÁSTICO,548,8,4384
2024-10-16,ALUMÍNIO,481,15,7215
2024-10-16,BORRACHA,472,6,2832
2024-10-16,VIDRO,407,10,4070
2024-10-17,AÇO,470,12,5640
2024-10-17,PLÁSTICO,234,8,1872
2024-10-17,ALUMÍNIO,452,15,6780
2024-10-17,BORRACHA,493,6,2958
2024-10-17,VIDRO,545,10,5450
2024-10-18,AÇO,478,12,5736
2024-10-18,PLÁSTICO,527,8,4216
2024-10-18,ALUMÍNIO,325,15,4875
2024-10-18,BORRACHA,495,6,2970
2024-10-18,VIDRO,365,10,3650
2024-10-19,AÇO,403,12,4836
2024-10-19,PLÁSTICO,485,8,3880
2024-10-19,ALUMÍNIO,602,15,9030
2024-10-19,BORRACHA,529,6,3174
2024-10-19,VIDRO,501,10,5010
2024-10-20,AÇO,498,12,5976
2024-10-20,PLÁSTICO,442,8,3536
2024-10-20,ALUMÍNIO,456,15,6840
2024-10-20,BORRACHA,534,6,3204
2024-10-20,VIDRO,389,10,3890
2024-10-21,AÇO,547,12,6564
2024-10-21,PLÁSTICO,468,8,3744
2024-10-21,ALUMÍNIO,566,15,8490
2024-10-21,BORRACHA,576,6,3456
2024-10-21,VIDRO,366,10,3660
2024-10-22,AÇO,453,12,5436
2024-10-22,PLÁSTICO,431,8,3448
2024-10-22,ALUMÍNIO,354,15,5310
2024-10-22,BORRACHA,417,6,2502
2024-10-22,VIDRO,695,10,6950
2024-10-23,AÇO,548,12,6576
2024-10-23,PLÁSTICO,653,8,5224
2024-10-23,ALUMÍNIO,566,15,8490
2024-10-23,BORRACHA,440,6,2640
2024-10-23,VIDRO,469,10,4690
2024-10-24,AÇO,547,12,6564
2024-10-24,PLÁSTICO,535,8,4280
2024-10-24,ALUMÍNIO,453,15,6795
2024-10-24,BORRACHA,379,6,2274
2024-10-24,VIDRO,763,10,7630
2024-10-25,AÇO,488,12,5856
2024-10-25,PLÁSTICO,473,8,3784
2024-10-25,ALUMÍNIO,509,15,7635
2024-10-25,BORRACHA,480,6,2880
2024-10-25,VIDRO,509,10,5090
2024-10-26,AÇO,602,12,7224
2024-10-26,PLÁSTICO,490,8,3920
2024-10-26,ALUMÍNIO,406,15,6090
2024-10-26,BORRACHA,487,6,2922
2024-10-26,VIDRO,462,10,4620
2024-10-27,AÇO,613,12,7356
2024-10-27,PLÁSTICO,593,8,4744
2024-10-27,ALUMÍNIO,508,15,7620
2024-10-27,BORRACHA,397,6,2382
2024-10-27,VIDRO,401,10,4010
2024-10-28,AÇO,501,12,6012
2024-10-28,PLÁSTICO,526,8,4208
2024-10-28,ALUMÍNIO,470,15,7050
2024-10-28,BORRACHA,461,6,2766
2024-10-28,VIDRO,452,10,4520
2024-10-29,AÇO,498,12,5976
2024-10-29,PLÁSTICO,309,8,2472
2024-10-29,ALUMÍNIO,411,15,6165
2024-10-29,BORRACHA,449,6,2694
2024-10-29,VIDRO,596,10,5960
2024-10-30,AÇO,434,12,5208
2024-10-30,PLÁSTICO,514,8,4112
2024-10-30,ALUMÍNIO,518,15,7770
2024-10-30,BORRACHA,603,6,3618
2024-10-30,VIDRO,601,10,6010
2024-10-31,AÇO,495,12,5940
2024-10-31,PLÁSTICO,461,8,3688
2024-10-31,ALUMÍNIO,446,15,6690
2024-10-31,BORRACHA,480,6,2880
2024-10-31,VIDRO,465,10,4650
2024-11-01,AÇO,544,12,6528
2024-11-01,PLÁSTICO,533,8,4264
2024-11-01,ALUMÍNIO,547,15,8205
2024-11-01,BORRACHA,600,6,3600
2024-11-01,VIDRO,649,10,6490
2024-11-02,AÇO,509,12,6108
2024-11-02,PLÁSTICO,587,8,4696
2024-11-02,ALUMÍNIO,471,15,7065
2024-11-02,BORRACHA,594,6,3564
2024-11-02,VIDRO,584,10,5840
2024-11-03,AÇO,580,12,6960
2024-11-03,PLÁSTICO,507,8,4056
2024-11-03,ALUMÍNIO,446,15,6690
2024-11-03,BORRACHA,388,6,2328
2024-11-03,VIDRO,496,10,4960
2024-11-04,AÇO,622,12,7464
2024-11-04,PLÁSTICO,475,8,3800
2024-11-04,ALUMÍNIO,562,15,8430
2024-11-04,BORRACHA,567,6,3402
2024-11-04,VIDRO,477,10,4770
2024-11-05,AÇO,605,12,7260
2024-11-05,PLÁSTICO,267,8,2136
2024-11-05,ALUMÍNIO,402,15,6030
2024-11-05,BORRACHA,426,6,2556
2024-11-05,VIDRO,434,10,4340
2024-11-06,AÇO,526,12,6312
2024-11-06,PLÁSTICO,523,8,4184
2024-11-06,ALUMÍNIO,531,15,7965
2024-11-06,BORRACHA,547,6,3282
2024-11-06,VIDRO,423,10,4230
2024-11-07,AÇO,402,12,4824
2024-11-07,PLÁSTICO,531,8,4248
2024-11-07,ALUMÍNIO,449,15,6735
2024-11-07,BORRACHA,374,6,2244
2024-11-07,VIDRO,577,10,5770
2024-11-08,AÇO,611,12,7332
2024-11-08,PLÁSTICO,624,8,4992
2024-11-08,ALUMÍNIO,514,15,7710
2024-11-08,BORRACHA,550,6,3300
2024-11-08,VIDRO,609,10,6090
2024-11-09,AÇO,448,12,5376
2024-11-09,PLÁSTICO,588,8,4704
2024-11-09,ALUMÍNIO,522,15,7830
2024-11-09,BORRACHA,573,6,3438
2024-11-09,VIDRO,514,10,5140
2024-11-10,AÇO,603,12,7236
2024-11-10,PLÁSTICO,517,8,4136
2024-11-10,ALUMÍNIO,381,15,5715
2024-11-10,BORRACHA,616,6,3696
2024-11-10,VIDRO,424,10,4240
2024-11-11,AÇO,600,12,7200
2024-11-11,PLÁSTICO,492,8,3936
2024-11-11,ALUMÍNIO,594,15,8910
2024-11-11,BORRACHA,590,6,3540
2024-11-11,VIDRO,534,10,5340
2024-11-12,AÇO,540,12,6480
2024-11-12,PLÁSTICO,533,8,4264
2024-11-12,ALUMÍNIO,338,15,5070
2024-11-12,BORRACHA,509,6,3054
2024-11-12,VIDRO,410,10,4100
2024-11-13,AÇO,513,12,6156
2024-11-13,PLÁSTICO,408,8,3264
2024-11-13,ALUMÍNIO,405,15,6075
2024-11-13,BORRACHA,628,6,3768
2024-11-13,VIDRO,585,10,5850
2024-11-14,AÇO,499,12,5988
2024-11-14,PLÁSTICO,514,8,4112
2024-11-14,ALUMÍNIO,480,15,7200
2024-11-14,BORRACHA,545,6,3270
2024-11-14,VIDRO,445,10,4450
2024-11-15,AÇO,579,12,6948
2024-11-15,PLÁSTICO,479,8,3832
2024-11-15,ALUMÍNIO,466,15,6990
2024-11-15,BORRACHA,501,6,3006
2024-11-15,VIDRO,452,10,4520
2024-11-16,AÇO,526,12,6312
2024-11-16,PLÁSTICO,457,8,3656
2024-11-16,ALUMÍNIO,537,15,8055
2024-11-16,BORRACHA,597,6,3582
2024-11-16,VIDRO,442,10,4420
2024-11-17,AÇO,489,12,5868
2024-11-17,PLÁSTICO,536,8,4288
2024-11-17,ALUMÍNIO,465,15,6975
2024-11-17,BORRACHA,537,6,3222
2024-11-17,VIDRO,544,10,5440
2024-11-18,AÇO,586,12,7032
2024-11-18,PLÁSTICO,451,8,3608
2024-11-18,ALUMÍNIO,424,15,6360
2024-11-18,BORRACHA,475,6,2850
2024-11-18,VIDRO,422,10,4220
2024-11-19,AÇO,545,12,6540
2024-11-19,PLÁSTICO,407,8,3256
2024-11-19,ALUMÍNIO,686,15,10290
2024-11-19,BORRACHA,603,6,3618
2024-11-19,VIDRO,501,10,5010
2024-11-20,AÇO,569,12,6828
2024-11-20,PLÁSTICO,369,8,2952
2024-11-20,ALUMÍNIO,701,15,10515
2024-11-20,BORRACHA,452,6,2712
2024-11-20,VIDRO,490,10,4900
2024-11-21,AÇO,351,12,4212
2024-11-21,PLÁSTICO,538,8,4304
2024-11-21,ALUMÍNIO,411,15,6165
2024-11-21,BORRACHA,508,6,3048
2024-11-21,VIDRO,456,10,4560
2024-11-22,AÇO,413,12,4956
2024-11-22,PLÁSTICO,435,8,3480
2024-11-22,ALUMÍNIO,518,15,7770
2024-11-22,BORRACHA,397,6,2382
2024-11-22,VIDRO,440,10,4400
2024-11-23,AÇO,553,12,6636
2024-11-23,PLÁSTICO,708,8,5664
2024-11-23,ALUMÍNIO,538,15,8070
2024-11-23,BORRACHA,426,6,2556
2024-11-23,VIDRO,470,10,4700
2024-11-24,AÇO,502,12,6024
2024-11-24,PLÁSTICO,472,8,3776
2024-11-24,ALUMÍNIO,572,15,8580
2024-11-24,BORRACHA,517,6,3102
2024-11-24,VIDRO,572,10,5720
2024-11-25,AÇO,474,12,5688
2024-11-25,PLÁSTICO,606,8,4848
2024-11-25,ALUMÍNIO,486,15,7290
2024-11-25,BORRACHA,422,6,2532
2024-11-25,VIDRO,674,10,6740
2024-11-26,AÇO,354,12,4248
2024-11-26,PLÁSTICO,440,8,3520
2024-11-26,ALUMÍNIO,449,15,6735
2024-11-26,BORRACHA,700,6,4200
2024-11-26,VIDRO,644,10,6440
2024-11-27,AÇO,619,12,7428
2024-11-27,PLÁSTICO,473,8,3784
2024-11-27,ALUMÍNIO,694,15,10410
2024-11-27,BORRACHA,529,6,3174
2024-11-27,VIDRO,578,10,5780
2024-11-28,AÇO,514,12,6168
2024-11-28,PLÁSTICO,496,8,3968
2024-11-28,ALUMÍNIO,479,15,7185
2024-11-28,BORRACHA,483,6,2898
2024-11-28,VIDRO,548,10,5480
2024-11-29,AÇO,529,12,6348
2024-11-29,PLÁSTICO,497,8,3976
2024-11-29,ALUMÍNIO,620,15,9300
2024-11-29,BORRACHA,262,6,1572
2024-11-29,VIDRO,540,10,5400
2024-11-30,AÇO,557,12,6684
2024-11-30,PLÁSTICO,591,8,4728
2024-11-30,ALUMÍNIO,494,15,7410
2024-11-30,BORRACHA,516,6,3096
2024-11-30,VIDRO,578,10,5780
2024-12-01,AÇO,619,12,7428
2024-12-01,PLÁSTICO,475,8,3800
2024-12-01,ALUMÍNIO,521,15,7815
2024-12-01,BORRACHA,634,6,3804
2024-12-01,VIDRO,330,10,3300
2024-12-02,AÇO,444,12,5328
2024-12-02,PLÁSTICO,617,8,4936
2024-12-02,ALUMÍNIO,587,15,8805
2024-12-02,BORRACHA,541,6,3246
2024-12-02,VIDRO,464,10,4640
2024-12-03,AÇO,429,12,5148
2024-12-03,PLÁSTICO,452,8,3616
2024-12-03,ALUMÍNIO,623,15,9345
2024-12-03,BORRACHA,449,6,2694
2024-12-03,VIDRO,508,10,5080
2024-12-04,AÇO,439,12,5268
2024-12-04,PLÁSTICO,567,8,4536
2024-12-04,ALUMÍNIO,456,15,6840
2024-12-04,BORRACHA,492,6,2952
2024-12-04,VIDRO,365,10,3650
2024-12-05,AÇO,370,12,4440
2024-12-05,PLÁSTICO,500,8,4000
2024-12-05,ALUMÍNIO,393,15,5895
2024-12-05,BORRACHA,668,6,4008
2024-12-05,VIDRO,335,10,3350
2024-12-06,AÇO,435,12,5220
2024-12-06,PLÁSTICO,501,8,4008
2024-12-06,ALUMÍNIO,470,15,7050
2024-12-06,BORRACHA,411,6,2466
2024-12-06,VIDRO,423,10,4230
2024-12-07,AÇO,420,12,5040
2024-12-07,PLÁSTICO,477,8,3816
2024-12-07,ALUMÍNIO,656,15,9840
2024-12-07,BORRACHA,506,6,3036
2024-12-07,VIDRO,594,10,5940
2024-12-08,AÇO,540,12,6480
2024-12-08,PLÁSTICO,589,8,4712
2024-12-08,ALUMÍNIO,276,15,4140
2024-12-08,BORRACHA,475,6,2850
2024-12-08,VIDRO,604,10,6040
2024-12-09,AÇO,454,12,5448
2024-12-09,PLÁSTICO,640,8,5120
2024-12-09,ALUMÍNIO,618,15,9270
2024-12-09,BORRACHA,462,6,2772
2024-12-09,VIDRO,459,10,4590
2024-12-10,AÇO,418,12,5016
2024-12-10,PLÁSTICO,449,8,3592
2024-12-10,ALUMÍNIO,401,15,6015
2024-12-10,BORRACHA,534,6,3204
2024-12-10,VIDRO,383,10,3830
2024-12-11,AÇO,548,12,6576
2024-12-11,PLÁSTICO,550,8,4400
2024-12-11,ALUMÍNIO,367,15,5505
2024-12-11,BORRACHA,623,6,3738
2024-12-11,VIDRO,541,10,5410
2024-12-12,AÇO,559,12,6708
2024-12-12,PLÁSTICO,439,8,3512
2024-12-12,ALUMÍNIO,549,15,8235
2024-12-12,BORRACHA,590,6,3540
2024-12-12,VIDRO,492,10,4920
2024-12-13,AÇO,660,12,7920
2024-12-13,PLÁSTICO,503,8,4024
2024-12-13,ALUMÍNIO,591,15,8865
2024-12-13,BORRACHA,523,6,3138
2024-12-13,VIDRO,546,10,5460
2024-12-14,AÇO,366,12,4392
2024-12-14,PLÁSTICO,529,8,4232
2024-12-14,ALUMÍNIO,441,15,6615
2024-12-14,BORRACHA,432,6,2592
2024-12-14,VIDRO,639,10,6390
2024-12-15,AÇO,482,12,5784
2024-12-15,PLÁSTICO,419,8,3352
2024-12-15,ALUMÍNIO,471,15,7065
2024-12-15,BORRACHA,395,6,2370
2024-12-15,VIDRO,614,10,6140
2024-12-16,AÇO,444,12,5328
2024-12-16,PLÁSTICO,542,8,4336
2024-12-16,ALUMÍNIO,608,15,9120
2024-12-16,BORRACHA,459,6,2754
2024-12-16,VIDRO,542,10,5420
2024-12-17,AÇO,417,12,5004
2024-12-17,PLÁSTICO,695,8,5560
2024-12-17,ALUMÍNIO,574,15,8610
2024-12-17,BORRACHA,484,6,2904
2024-12-17,VIDRO,438,10,4380
2024-12-18,AÇO,490,12,5880
2024-12-18,PLÁSTICO,472,8,3776
2024-12-18,ALUMÍNIO,656,15,9840
2024-12-18,BORRACHA,401,6,2406
2024-12-18,VIDRO,510,10,5100
2024-12-19,AÇO,498,12,5976
2024-12-19,PLÁSTICO,490,8,3920
2024-12-19,ALUMÍNIO,491,15,7365
2024-12-19,BORRACHA,490,6,2940
2024-12-19,VIDRO,569,10,5690
2024-12-20,AÇO,548,12,6576
2024-12-20,PLÁSTICO,533,8,4264
2024-12-20,ALUMÍNIO,257,15,3855
2024-12-20,BORRACHA,523,6,3138
2024-12-20,VIDRO,367,10,3670
2024-12-21,AÇO,551,12,6612
2024-12-21,PLÁSTICO,617,8,4936
2024-12-21,ALUMÍNIO,425,15,6375
2024-12-21,BORRACHA,479,6,2874
2024-12-21,VIDRO,452,10,4520
2024-12-22,AÇO,598,12,7176
2024-12-22,PLÁSTICO,507,8,4056
2024-12-22,ALUMÍNIO,638,15,9570
2024-12-22,BORRACHA,533,6,3198
2024-12-22,VIDRO,519,10,5190
2024-12-23,AÇO,505,12,6060
2024-12-23,PLÁSTICO,565,8,4520
2024-12-23,ALUMÍNIO,360,15,5400
2024-12-23,BORRACHA,506,6,3036
2024-12-23,VIDRO,494,10,4940
2024-12-24,AÇO,558,12,6696
2024-12-24,PLÁSTICO,484,8,3872
2024-12-24,ALUMÍNIO,416,15,6240
2024-12-24,BORRACHA,500,6,3000
2024-12-24,VIDRO,413,10,4130
2024-12-25,AÇO,345,12,4140
2024-12-25,PLÁSTICO,558,8,4464
2024-12-25,ALUMÍNIO,546,15,8190
2024-12-25,BORRACHA,537,6,3222
2024-12-25,VIDRO,604,10,6040
2024-12-26,AÇO,446,12,5352
2024-12-26,PLÁSTICO,385,8,3080
2024-12-26,ALUMÍNIO,494,15,7410
2024-12-26,BORRACHA,472,6,2832
2024-12-26,VIDRO,432,10,4320
2024-12-27,AÇO,493,12,5916
2024-12-27,PLÁSTICO,451,8,3608
2024-12-27,ALUMÍNIO,353,15,5295
2024-12-27,BORRACHA,464,6,2784
2024-12-27,VIDRO,409,10,4090
2024-12-28,AÇO,518,12,6216
2024-12-28,PLÁSTICO,447,8,3576
2024-12-28,ALUMÍNIO,588,15,8820
2024-12-28,BORRACHA,628,6,3768
2024-12-28,VIDRO,554,10,5540
2024-12-29,AÇO,375,12,4500
2024-12-29,PLÁSTICO,620,8,4960
2024-12-29,ALUMÍNIO,626,15,9390
2024-12-29,BORRACHA,501,6,3006
2024-12-29,VIDRO,605,10,6050
2024-12-30,AÇO,455,12,5460
2024-12-30,PLÁSTICO,350,8,2800
2024-12-30,ALUMÍNIO,439,15,6585
2024-12-30,BORRACHA,638,6,3828
2024-12-30,VIDRO,380,10,3800
2024-12-31,AÇO,499,12,5988
2024-12-31,PLÁSTICO,502,8,4016
2024-12-31,ALUMÍNIO,458,15,6870
2024-12-31,BORRACHA,464,6,2784
2024-12-31,VIDRO,505,10,5050
2025-01-01,AÇO,455,12,5460
2025-01-01,PLÁSTICO,386,8,3088
2025-01-01,ALUMÍNIO,517,15,7755
2025-01-01,BORRACHA,585,6,3510
2025-01-01,VIDRO,569,10,5690
