Data,Produto,Saldo_estoque,Valor_unitario,Valor_total_estoque
2024-01-01,A,392,22.79,8933.68
2024-01-01,B,347,32.58,11305.26
2024-01-01,C,249,18.26,4546.74
2024-01-01,D,319,18.87,6019.53
2024-01-01,E,280,14.63,4096.4
2024-01-02,A,387,27.24,10541.88
2024-01-02,B,343,29.52,10125.36
2024-01-02,C,252,21.27,5360.04
2024-01-02,D,363,17.22,6250.86
2024-01-02,E,294,14.4,4233.6
2024-01-03,A,591,25.48,15058.68
2024-01-03,B,349,32.99,11513.51
2024-01-03,C,260,20.07,5218.2
2024-01-03,D,315,19.57,6164.55
2024-01-03,E,295,15.86,4678.7
2024-01-04,A,591,26.48,15649.68
2024-01-04,B,338,29.62,10011.56
2024-01-04,C,216,19.55,4222.8
2024-01-04,D,428,16.89,7228.92
2024-01-04,E,293,16.39,4802.27
2024-01-05,A,674,27.3,18400.2
2024-01-05,B,254,31.48,7995.92
2024-01-05,C,300,19.19,5757.0
2024-01-05,D,477,17.08,8147.16
2024-01-05,E,252,16.47,4150.44
2024-01-06,A,780,22.83,17807.4
2024-01-06,B,265,32.06,8495.9
2024-01-06,C,382,19.42,7418.44
2024-01-06,D,423,17.71,7491.33
2024-01-06,E,255,16.0,4080.0
2024-01-07,A,901,22.95,20677.95
2024-01-07,B,366,29.13,10661.58
2024-01-07,C,322,21.81,7022.82
2024-01-07,D,483,18.72,9041.76
2024-01-07,E,211,15.76,3325.36
2024-01-08,A,803,26.29,21110.87
2024-01-08,B,501,27.36,13707.36
2024-01-08,C,260,18.81,4890.6
2024-01-08,D,422,17.97,7583.34
2024-01-08,E,270,14.6,3942.0
2024-01-09,A,802,24.55,19689.1
2024-01-09,B,551,31.69,17461.19
2024-01-09,C,317,18.06,5725.02
2024-01-09,D,423,18.58,7859.34
2024-01-09,E,274,13.5,3699.0
2024-01-10,A,808,22.82,18438.56
2024-01-10,B,630,29.45,18553.5
2024-01-10,C,266,21.36,5681.76
2024-01-10,D,418,16.72,6988.96
2024-01-10,E,302,15.16,4578.32
2024-01-11,A,812,25.89,21022.68
2024-01-11,B,749,28.38,21256.62
2024-01-11,C,321,20.05,6436.05
2024-01-11,D,371,19.48,7227.08
2024-01-11,E,304,15.04,4572.16
2024-01-12,A,700,23.29,16303.0
2024-01-12,B,923,30.77,28400.71
2024-01-12,C,373,20.37,7598.01
2024-01-12,D,420,16.3,6846.0
2024-01-12,E,244,13.77,3359.88
2024-01-13,A,610,23.28,14200.8
2024-01-13,B,1111,27.82,30908.02
2024-01-13,C,301,19.04,5731.04
2024-01-13,D,487,17.83,8683.21
2024-01-13,E,200,14.62,2924.0
2024-01-14,A,705,26.95,18999.75
2024-01-14,B,1034,30.67,31712.78
2024-01-14,C,304,21.5,6536.0
2024-01-14,D,486,18.1,8796.6
2024-01-14,E,202,13.77,2781.54
2024-01-15,A,814,24.82,20203.48
2024-01-15,B,955,31.93,30493.15
2024-01-15,C,308,18.78,5784.24
2024-01-15,D,481,16.53,7950.93
2024-01-15,E,249,14.49,3608.01
2024-01-16,A,929,24.44,22704.76
2024-01-16,B,888,28.84,25609.92
2024-01-16,C,312,18.54,5784.48
2024-01-16,D,447,17.1,7643.7
2024-01-16,E,291,15.55,4525.05
2024-01-17,A,937,24.43,22890.91
2024-01-17,B,965,30.8,29722.0
2024-01-17,C,319,20.15,6427.85
2024-01-17,D,405,18.18,7362.9
2024-01-17,E,383,14.25,5457.75
2024-01-18,A,1033,25.11,25938.63
2024-01-18,B,1032,27.14,28008.48
2024-01-18,C,370,19.73,7300.1
2024-01-18,D,360,18.26,6573.6
2024-01-18,E,347,14.05,4875.35
2024-01-19,A,927,23.78,22044.06
2024-01-19,B,1023,28.32,28971.36
2024-01-19,C,440,18.28,8043.2
2024-01-19,D,362,17.45,6316.9
2024-01-19,E,389,16.44,6395.16
2024-01-20,A,1032,24.27,25046.64
2024-01-20,B,1201,29.76,35741.76
2024-01-20,C,379,20.61,7811.19
2024-01-20,D,357,18.53,6615.21
2024-01-20,E,352,16.35,5755.2
2024-01-21,A,1041,26.79,27888.39
2024-01-21,B,1117,31.76,35475.92
2024-01-21,C,389,21.81,8484.09
2024-01-21,D,446,17.03,7595.38
2024-01-21,E,345,15.35,5295.75
2024-01-22,A,938,26.94,25269.72
2024-01-22,B,1313,30.74,40361.62
2024-01-22,C,452,21.91,9903.32
2024-01-22,D,396,16.56,6557.76
2024-01-22,E,342,14.82,5068.44
2024-01-23,A,1183,27.39,32402.37
2024-01-23,B,1315,29.28,38503.2
2024-01-23,C,543,20.96,11381.28
2024-01-23,D,396,16.31,6458.76
2024-01-23,E,293,15.58,4564.94
2024-01-24,A,1312,27.17,35647.04
2024-01-24,B,1312,29.3,38441.6
2024-01-24,C,539,18.09,9750.51
2024-01-24,D,488,16.3,7954.4
2024-01-24,E,248,16.18,4012.64
2024-01-25,A,1434,26.11,37441.74
2024-01-25,B,1417,27.64,39165.88
2024-01-25,C,605,18.22,11023.1
2024-01-25,D,429,19.1,8193.9
2024-01-25,E,241,15.93,3839.13
2024-01-26,A,1526,23.1,35250.6
2024-01-26,B,1662,28.81,47882.22
2024-01-26,C,521,21.12,11003.52
2024-01-26,D,427,18.09,7724.43
2024-01-26,E,226,16.37,3699.62
2024-01-27,A,1412,24.91,35172.92
2024-01-27,B,1667,31.06,51777.02
2024-01-27,C,584,20.04,11703.36
2024-01-27,D,464,19.59,9089.76
2024-01-27,E,213,14.7,3131.1
2024-01-28,A,1416,23.65,33488.4
2024-01-28,B,1580,28.96,45756.8
2024-01-28,C,583,21.41,12482.03
2024-01-28,D,598,17.99,10758.02
2024-01-28,E,258,14.56,3756.48
2024-01-29,A,1313,25.22,33113.86
2024-01-29,B,1668,27.8,46370.4
2024-01-29,C,576,18.02,10379.52
2024-01-29,D,656,17.21,11289.76
2024-01-29,E,254,15.32,3891.28
2024-01-30,A,1310,26.06,34138.6
2024-01-30,B,1865,31.96,59605.4
2024-01-30,C,649,21.71,14089.79
2024-01-30,D,658,17.68,11633.44
2024-01-30,E,212,15.72,3332.64
2024-01-31,A,1417,22.87,32406.79
2024-01-31,B,1791,27.35,48983.85
2024-01-31,C,583,18.5,10785.5
2024-01-31,D,775,17.81,13802.75
2024-01-31,E,246,14.13,3475.98
2024-02-01,A,1628,23.93,38958.04
2024-02-01,B,1841,30.89,56868.49
2024-02-01,C,526,19.43,10220.18
2024-02-01,D,833,18.21,15168.93
2024-02-01,E,210,14.74,3095.4
2024-02-02,A,1526,23.34,35616.84
2024-02-02,B,2011,27.44,55181.84
2024-02-02,C,586,18.94,11098.84
2024-02-02,D,773,16.41,12684.93
2024-02-02,E,209,15.36,3210.24
2024-02-03,A,1733,26.48,45889.84
2024-02-03,B,1917,29.04,55669.68
2024-02-03,C,511,19.55,9990.05
2024-02-03,D,771,19.14,14756.94
2024-02-03,E,208,14.17,2947.36
2024-02-04,A,1616,23.1,37329.6
2024-02-04,B,1846,30.01,55398.46
2024-02-04,C,523,20.58,10763.34
2024-02-04,D,824,18.36,15128.64
2024-02-04,E,244,15.64,3816.16
2024-02-05,A,1886,22.78,42963.08
2024-02-05,B,2007,29.57,59346.99
2024-02-05,C,468,18.95,8868.6
2024-02-05,D,781,18.93,14784.33
2024-02-05,E,193,16.12,3111.16
2024-02-06,A,1895,23.91,45309.45
2024-02-06,B,2002,27.57,55195.14
2024-02-06,C,469,19.01,8915.69
2024-02-06,D,869,16.57,14399.33
2024-02-06,E,158,14.47,2286.26
2024-02-07,A,1896,25.19,47760.24
2024-02-07,B,2003,32.84,65778.52
2024-02-07,C,384,19.6,7526.4
2024-02-07,D,937,16.99,15919.63
2024-02-07,E,158,14.0,2212.0
2024-02-08,A,1997,23.37,46669.89
2024-02-08,B,1919,28.16,54039.04
2024-02-08,C,329,21.05,6925.45
2024-02-08,D,1059,16.42,17388.78
2024-02-08,E,111,16.49,1830.39
2024-02-09,A,1992,25.11,50019.12
2024-02-09,B,1923,30.27,58209.21
2024-02-09,C,265,19.43,5148.95
2024-02-09,D,1110,18.68,20734.8
2024-02-09,E,224,14.91,3339.84
2024-02-10,A,1996,24.15,48203.4
2024-02-10,B,1854,28.59,53005.86
2024-02-10,C,260,21.7,5642.0
2024-02-10,D,1298,17.25,22390.5
2024-02-10,E,222,14.81,3287.82
2024-02-11,A,1904,24.25,46172.0
2024-02-11,B,1972,27.52,54269.44
2024-02-11,C,303,18.74,5678.22
2024-02-11,D,1305,16.88,22028.4
2024-02-11,E,267,15.58,4159.86
2024-02-12,A,1914,24.53,46950.42
2024-02-12,B,2090,31.69,66232.1
2024-02-12,C,370,20.84,7710.8
2024-02-12,D,1295,16.89,21872.55
2024-02-12,E,271,15.19,4116.49
2024-02-13,A,1927,26.21,50506.67
2024-02-13,B,2207,30.8,67975.6
2024-02-13,C,369,20.4,7527.6
2024-02-13,D,1351,18.86,25479.86
2024-02-13,E,277,13.67,3786.59
2024-02-14,A,2054,26.16,53732.64
2024-02-14,B,2103,28.64,60229.92
2024-02-14,C,368,20.29,7466.72
2024-02-14,D,1354,17.07,23112.78
2024-02-14,E,273,16.02,4373.46
2024-02-15,A,2059,24.9,51269.1
2024-02-15,B,2009,30.86,61997.74
2024-02-15,C,509,21.18,10780.62
2024-02-15,D,1293,19.42,25110.06
2024-02-15,E,269,15.7,4223.3
2024-02-16,A,2180,23.24,50663.2
2024-02-16,B,1926,32.13,61882.38
2024-02-16,C,461,20.47,9436.67
2024-02-16,D,1359,18.39,24992.01
2024-02-16,E,324,16.26,5268.24
2024-02-17,A,2197,23.74,52156.78
2024-02-17,B,2023,28.44,57534.12
2024-02-17,C,524,20.05,10506.2
2024-02-17,D,1298,18.9,24532.2
2024-02-17,E,271,14.84,4021.64
2024-02-18,A,2315,25.67,59426.05
2024-02-18,B,2217,29.72,65889.24
2024-02-18,C,477,20.44,9749.88
2024-02-18,D,1349,19.16,25846.84
2024-02-18,E,239,14.04,3355.56
2024-02-19,A,2210,25.98,57415.8
2024-02-19,B,2306,31.72,73146.32
2024-02-19,C,548,19.79,10844.92
2024-02-19,D,1357,17.36,23557.52
2024-02-19,E,244,13.54,3303.76
2024-02-20,A,2225,26.49,58940.25
2024-02-20,B,2307,28.97,66833.79
2024-02-20,C,547,19.43,10628.21
2024-02-20,D,1400,17.41,24374.0
2024-02-20,E,243,15.0,3645.0
2024-02-21,A,2227,26.01,57924.27
2024-02-21,B,2303,31.63,72843.89
2024-02-21,C,547,19.57,10704.79
2024-02-21,D,1455,18.59,27048.45
2024-02-21,E,191,15.66,2991.06
2024-02-22,A,2114,23.98,50693.72
2024-02-22,B,2224,27.58,61337.92
2024-02-22,C,665,21.58,14350.7
2024-02-22,D,1513,18.64,28202.32
2024-02-22,E,196,15.44,3026.24
2024-02-23,A,2003,22.79,45648.37
2024-02-23,B,2216,31.91,70712.56
2024-02-23,C,589,20.26,11933.14
2024-02-23,D,1565,19.25,30126.25
2024-02-23,E,259,16.42,4252.78
2024-02-24,A,2001,27.29,54607.29
2024-02-24,B,2220,32.14,71350.8
2024-02-24,C,592,18.04,10679.68
2024-02-24,D,1558,19.39,30209.62
2024-02-24,E,368,13.73,5052.64
2024-02-25,A,2133,26.76,57079.08
2024-02-25,B,2222,28.68,63726.96
2024-02-25,C,595,20.44,12161.8
2024-02-25,D,1519,16.34,24820.46
2024-02-25,E,409,15.81,6466.29
2024-02-26,A,2135,23.06,49233.1
2024-02-26,B,2162,29.46,63692.52
2024-02-26,C,749,21.27,15931.23
2024-02-26,D,1472,18.7,27526.4
2024-02-26,E,406,13.52,5489.12
2024-02-27,A,2146,24.52,52619.92
2024-02-27,B,2161,27.25,58887.25
2024-02-27,C,744,20.69,15393.36
2024-02-27,D,1476,19.69,29062.44
2024-02-27,E,407,15.47,6296.29
2024-02-28,A,2143,23.62,50617.66
2024-02-28,B,2276,29.13,66299.88
2024-02-28,C,755,21.91,16542.05
2024-02-28,D,1478,17.01,25140.78
2024-02-28,E,433,15.18,6572.94
2024-02-29,A,2388,24.5,58506.0
2024-02-29,B,2292,31.61,72450.12
2024-02-29,C,685,21.47,14706.95
2024-02-29,D,1581,17.43,27556.83
2024-02-29,E,373,15.48,5774.04
2024-03-01,A,2267,25.25,57241.75
2024-03-01,B,2214,28.67,63475.38
2024-03-01,C,687,19.09,13114.83
2024-03-01,D,1585,18.14,28751.9
2024-03-01,E,457,13.96,6379.72
2024-03-02,A,2153,26.55,57162.15
2024-03-02,B,2393,27.41,65592.13
2024-03-02,C,639,18.38,11744.82
2024-03-02,D,1626,17.43,28341.18
2024-03-02,E,467,13.85,6467.95
2024-03-03,A,2156,24.88,53641.28
2024-03-03,B,2495,29.4,73353.0
2024-03-03,C,568,20.89,11865.52
2024-03-03,D,1676,19.63,32899.88
2024-03-03,E,424,15.76,6682.24
2024-03-04,A,2279,23.4,53328.6
2024-03-04,B,2495,32.61,81361.95
2024-03-04,C,642,19.57,12563.94
2024-03-04,D,1628,17.91,29157.48
2024-03-04,E,467,14.76,6892.92
2024-03-05,A,2280,23.9,54492.0
2024-03-05,B,2499,32.37,80892.63
2024-03-05,C,739,19.33,14284.87
2024-03-05,D,1630,18.28,29796.4
2024-03-05,E,463,14.22,6583.86
2024-03-06,A,2386,26.49,63205.14
2024-03-06,B,2413,31.65,76371.45
2024-03-06,C,743,19.19,14258.17
2024-03-06,D,1633,18.65,30455.45
2024-03-06,E,457,15.61,7133.77
2024-03-07,A,2266,25.31,57352.46
2024-03-07,B,2522,30.6,77173.2
2024-03-07,C,669,20.3,13580.7
2024-03-07,D,1667,16.49,27488.83
2024-03-07,E,497,15.51,7708.47
2024-03-08,A,2262,24.85,56210.7
2024-03-08,B,2519,29.63,74637.97
2024-03-08,C,680,21.44,14579.2
2024-03-08,D,1734,16.28,28229.52
2024-03-08,E,494,14.25,7039.5
2024-03-09,A,2387,23.11,55163.57
2024-03-09,B,2532,27.21,68895.72
2024-03-09,C,623,19.1,11899.3
2024-03-09,D,1685,19.76,33295.6
2024-03-09,E,599,14.31,8571.69
2024-03-10,A,2382,25.82,61503.24
2024-03-10,B,2718,27.71,75315.78
2024-03-10,C,633,20.41,12919.53
2024-03-10,D,1645,19.74,32472.3
2024-03-10,E,618,14.38,8886.84
2024-03-11,A,2386,26.74,63801.64
2024-03-11,B,2722,32.99,89798.78
2024-03-11,C,639,20.35,13003.65
2024-03-11,D,1784,17.31,30881.04
2024-03-11,E,586,15.52,9094.72
2024-03-12,A,2620,26.72,70006.4
2024-03-12,B,2727,28.03,76437.81
2024-03-12,C,563,19.81,11153.03
2024-03-12,D,1740,17.35,30189.0
2024-03-12,E,583,14.35,8366.05
2024-03-13,A,2634,26.8,70591.2
2024-03-13,B,2813,29.53,83067.89
2024-03-13,C,571,19.36,11054.56
2024-03-13,D,1742,18.37,32000.54
2024-03-13,E,583,14.16,8255.28
2024-03-14,A,2548,23.65,60260.2
2024-03-14,B,2821,30.12,84968.52
2024-03-14,C,721,19.64,14160.44
2024-03-14,D,1737,17.26,29980.62
2024-03-14,E,555,13.66,7581.3
2024-03-15,A,2535,25.1,63628.5
2024-03-15,B,2721,31.9,86799.9
2024-03-15,C,720,21.41,15415.2
2024-03-15,D,1798,17.05,30655.9
2024-03-15,E,605,15.3,9256.5
2024-03-16,A,2633,26.78,70511.74
2024-03-16,B,2728,29.45,80339.6
2024-03-16,C,649,21.73,14102.77
2024-03-16,D,1856,19.45,36099.2
2024-03-16,E,562,14.12,7935.44
2024-03-17,A,2631,23.79,62591.49
2024-03-17,B,2657,28.08,74608.56
2024-03-17,C,650,18.78,12207.0
2024-03-17,D,1908,19.47,37148.76
2024-03-17,E,600,16.29,9774.0
2024-03-18,A,2634,22.76,59949.84
2024-03-18,B,2601,30.56,79486.56
2024-03-18,C,580,20.26,11750.8
2024-03-18,D,1984,17.61,34938.24
2024-03-18,E,653,15.4,10056.2
2024-03-19,A,2748,27.24,74855.52
2024-03-19,B,2599,28.02,72823.98
2024-03-19,C,579,18.48,10699.92
2024-03-19,D,1979,16.32,32297.28
2024-03-19,E,620,14.59,9045.8
2024-03-20,A,2982,24.19,72134.58
2024-03-20,B,2600,29.58,76908.0
2024-03-20,C,574,20.01,11485.74
2024-03-20,D,1928,18.93,36497.04
2024-03-20,E,664,14.68,9747.52
2024-03-21,A,2865,24.15,69189.75
2024-03-21,B,2509,31.96,80187.64
2024-03-21,C,747,21.4,15985.8
2024-03-21,D,1926,17.04,32819.04
2024-03-21,E,734,14.44,10598.96
2024-03-22,A,2994,26.63,79730.22
2024-03-22,B,2525,27.48,69387.0
2024-03-22,C,744,19.3,14359.2
2024-03-22,D,1890,17.81,33660.9
2024-03-22,E,773,14.06,10868.38
2024-03-23,A,3250,23.4,76050.0
2024-03-23,B,2438,29.55,72042.9
2024-03-23,C,693,21.02,14566.86
2024-03-23,D,1905,19.22,36614.1
2024-03-23,E,803,16.44,13201.32
2024-03-24,A,3391,22.87,77552.17
2024-03-24,B,2518,28.3,71259.4
2024-03-24,C,694,21.03,14594.82
2024-03-24,D,1960,18.15,35574.0
2024-03-24,E,776,14.48,11236.48
2024-03-25,A,3404,23.53,80096.12
2024-03-25,B,2541,28.68,72875.88
2024-03-25,C,772,19.72,15223.84
2024-03-25,D,1916,16.84,32265.44
2024-03-25,E,781,16.39,12800.59
2024-03-26,A,3529,23.04,81308.16
2024-03-26,B,2655,32.91,87376.05
2024-03-26,C,775,21.37,16561.75
2024-03-26,D,1911,17.72,33862.92
2024-03-26,E,778,15.72,12230.16
2024-03-27,A,3524,25.86,91130.64
2024-03-27,B,2817,28.28,79664.76
2024-03-27,C,777,19.36,15042.72
2024-03-27,D,1867,18.05,33699.35
2024-03-27,E,808,15.41,12451.28
2024-03-28,A,3615,25.21,91134.15
2024-03-28,B,2727,29.84,81373.68
2024-03-28,C,858,19.77,16962.66
2024-03-28,D,2030,17.99,36519.7
2024-03-28,E,744,14.8,11011.2
2024-03-29,A,3744,25.21,94386.24
2024-03-29,B,2723,32.33,88034.59
2024-03-29,C,865,20.53,17758.45
2024-03-29,D,1955,18.8,36754.0
2024-03-29,E,739,15.29,11299.31
2024-03-30,A,3858,25.72,99227.76
2024-03-30,B,2730,30.47,83183.1
2024-03-30,C,869,18.11,15737.59
2024-03-30,D,1956,19.8,38728.8
2024-03-30,E,737,13.6,10023.2
2024-03-31,A,4151,24.48,101616.48
2024-03-31,B,2638,27.63,72887.94
2024-03-31,C,791,18.39,14546.49
2024-03-31,D,1996,19.06,38043.76
2024-03-31,E,709,14.78,10479.02
2024-04-01,A,4257,26.51,112853.07
2024-04-01,B,2647,28.64,75810.08
2024-04-01,C,787,19.03,14976.61
2024-04-01,D,2007,17.1,34319.7
2024-04-01,E,662,15.35,10161.7
2024-04-02,A,4707,26.57,125064.99
2024-04-02,B,2557,29.71,75968.47
2024-04-02,C,734,19.52,14327.68
2024-04-02,D,2013,19.7,39656.1
2024-04-02,E,666,13.85,9224.1
2024-04-03,A,4897,24.93,122082.21
2024-04-03,B,2441,29.45,71887.45
2024-04-03,C,733,18.39,13479.87
2024-04-03,D,2013,17.17,34563.21
2024-04-03,E,662,13.59,8996.58
2024-04-04,A,4912,26.88,132034.56
2024-04-04,B,2450,30.65,75092.5
2024-04-04,C,663,21.26,14095.38
2024-04-04,D,2070,18.08,37425.6
2024-04-04,E,784,15.3,11995.2
2024-04-05,A,4927,26.0,128102.0
2024-04-05,B,2454,32.45,79632.3
2024-04-05,C,671,18.37,12326.27
2024-04-05,D,2063,17.39,35875.57
2024-04-05,E,817,15.63,12769.71
2024-04-06,A,4807,27.29,131183.03
2024-04-06,B,2456,32.88,80753.28
2024-04-06,C,730,20.55,15001.5
2024-04-06,D,2054,16.9,34712.6
2024-04-06,E,830,13.86,11503.8
2024-04-07,A,4937,27.23,134434.51
2024-04-07,B,2468,29.6,73052.8
2024-04-07,C,729,18.78,13690.62
2024-04-07,D,2050,19.56,40098.0
2024-04-07,E,821,13.81,11338.01
2024-04-08,A,4943,26.15,129259.45
2024-04-08,B,2362,30.75,72631.5
2024-04-08,C,833,18.35,15285.55
2024-04-08,D,1982,17.42,34526.44
2024-04-08,E,959,13.95,13378.05
2024-04-09,A,4951,25.52,126349.52
2024-04-09,B,2710,29.86,80920.6
2024-04-09,C,923,18.02,16632.46
2024-04-09,D,1923,19.71,37902.33
2024-04-09,E,915,14.55,13313.25
2024-04-10,A,5085,23.79,120972.15
2024-04-10,B,2714,28.33,76887.62
2024-04-10,C,931,18.64,17353.84
2024-04-10,D,2001,19.8,39619.8
2024-04-10,E,891,14.39,12821.49
2024-04-11,A,4973,24.53,121987.69
2024-04-11,B,2777,32.23,89502.71
2024-04-11,C,927,20.57,19068.39
2024-04-11,D,2011,17.53,35252.83
2024-04-11,E,892,16.19,14441.48
2024-04-12,A,5208,26.25,136710.0
2024-04-12,B,2785,28.37,79010.45
2024-04-12,C,992,20.57,20405.44
2024-04-12,D,1962,19.52,38298.24
2024-04-12,E,891,14.99,13356.09
2024-04-13,A,5110,26.17,133728.7
2024-04-13,B,3112,32.83,102166.96
2024-04-13,C,1055,20.76,21901.8
2024-04-13,D,1913,16.57,31698.41
2024-04-13,E,856,14.23,12180.88
2024-04-14,A,5343,25.48,136139.64
2024-04-14,B,3209,28.65,91937.85
2024-04-14,C,1063,21.83,23205.29
2024-04-14,D,1910,17.66,33730.6
2024-04-14,E,819,14.87,12178.53
2024-04-15,A,5483,26.01,142612.83
2024-04-15,B,3219,30.15,97052.85
2024-04-15,C,991,19.53,19354.23
2024-04-15,D,1917,16.48,31592.16
2024-04-15,E,877,15.29,13409.33
2024-04-16,A,5360,26.84,143862.4
2024-04-16,B,3220,31.11,100174.2
2024-04-16,C,1056,19.53,20623.68
2024-04-16,D,1923,16.66,32037.18
2024-04-16,E,878,15.95,14004.1
2024-04-17,A,5370,27.21,146117.7
2024-04-17,B,3321,29.33,97404.93
2024-04-17,C,1141,20.91,23858.31
2024-04-17,D,1872,17.68,33096.96
2024-04-17,E,832,15.01,12488.32
2024-04-18,A,5366,26.68,143164.88
2024-04-18,B,3315,27.5,91162.5
2024-04-18,C,1147,20.12,23077.64
2024-04-18,D,1875,16.97,31818.75
2024-04-18,E,889,14.52,12908.28
2024-04-19,A,5235,25.72,134644.2
2024-04-19,B,3240,27.16,87998.4
2024-04-19,C,1146,20.38,23355.48
2024-04-19,D,1985,17.22,34181.7
2024-04-19,E,940,15.51,14579.4
2024-04-20,A,5116,23.21,118742.36
2024-04-20,B,3326,31.41,104469.66
2024-04-20,C,1145,20.58,23564.1
2024-04-20,D,2110,19.7,41567.0
2024-04-20,E,891,16.23,14460.93
2024-04-21,A,5120,23.92,122470.4
2024-04-21,B,3328,27.16,90388.48
2024-04-21,C,1196,20.62,24661.52
2024-04-21,D,2109,18.37,38742.33
2024-04-21,E,892,13.58,12113.36
2024-04-22,A,5009,23.11,115757.99
2024-04-22,B,3255,30.51,99310.05
2024-04-22,C,1192,21.65,25806.8
2024-04-22,D,2266,19.46,44096.36
2024-04-22,E,847,13.95,11815.65
2024-04-23,A,5154,24.42,125860.68
2024-04-23,B,3263,27.26,88949.38
2024-04-23,C,1348,19.88,26798.24
2024-04-23,D,2213,18.91,41847.83
2024-04-23,E,797,15.87,12648.39
2024-04-24,A,5232,24.99,130747.68
2024-04-24,B,3372,27.58,92999.76
2024-04-24,C,1440,19.53,28123.2
2024-04-24,D,2162,19.56,42288.72
2024-04-24,E,786,14.19,11153.34
2024-04-25,A,5238,24.1,126235.8
2024-04-25,B,3273,31.48,103034.04
2024-04-25,C,1618,20.93,33864.74
2024-04-25,D,2215,19.48,43148.2
2024-04-25,E,783,14.66,11478.78
2024-04-26,A,5111,25.07,128132.77
2024-04-26,B,3407,29.8,101528.6
2024-04-26,C,1555,21.71,33759.05
2024-04-26,D,2276,18.97,43175.72
2024-04-26,E,841,15.99,13447.59
2024-04-27,A,5119,23.17,118607.23
2024-04-27,B,3417,31.75,108489.75
2024-04-27,C,1556,19.73,30699.88
2024-04-27,D,2412,16.28,39267.36
2024-04-27,E,845,13.68,11559.6
2024-04-28,A,4991,25.89,129216.99
2024-04-28,B,3421,29.23,99995.83
2024-04-28,C,1644,21.47,35296.68
2024-04-28,D,2478,18.84,46685.52
2024-04-28,E,787,13.57,10679.59
2024-04-29,A,4866,25.93,126175.38
2024-04-29,B,3510,28.15,98806.5
2024-04-29,C,1647,19.69,32429.43
2024-04-29,D,2409,18.45,44446.05
2024-04-29,E,856,16.12,13798.72
2024-04-30,A,4870,24.78,120678.6
2024-04-30,B,3521,31.85,112143.85
2024-04-30,C,1657,21.13,35012.41
2024-04-30,D,2475,17.69,43782.75
2024-04-30,E,860,15.0,12900.0
2024-05-01,A,4971,26.0,129246.0
2024-05-01,B,3591,27.19,97639.29
2024-05-01,C,1601,21.56,34517.56
2024-05-01,D,2514,18.97,47690.58
2024-05-01,E,862,14.25,12283.5
2024-05-02,A,4980,27.41,136501.8
2024-05-02,B,3594,28.08,100919.52
2024-05-02,C,1692,21.66,36648.72
2024-05-02,D,2509,17.37,43581.33
2024-05-02,E,858,15.79,13547.82
2024-05-03,A,4860,24.78,120430.8
2024-05-03,B,3811,31.42,119741.62
2024-05-03,C,1695,18.62,31560.9
2024-05-03,D,2550,17.17,43783.5
2024-05-03,E,803,13.8,11081.4
2024-05-04,A,4953,26.83,132888.99
2024-05-04,B,3892,28.78,112011.76
2024-05-04,C,1699,20.78,35305.22
2024-05-04,D,2614,19.15,50058.1
2024-05-04,E,770,16.2,12474.0
2024-05-05,A,5072,23.03,116808.16
2024-05-05,B,3789,32.36,122612.04
2024-05-05,C,1776,18.79,33371.04
2024-05-05,D,2655,18.85,50046.75
2024-05-05,E,775,15.69,12159.75
2024-05-06,A,4958,22.54,111753.32
2024-05-06,B,3950,28.32,111864.0
2024-05-06,C,1710,19.97,34148.7
2024-05-06,D,2750,17.71,48702.5
2024-05-06,E,781,16.26,12699.06
2024-05-07,A,4970,24.3,120771.0
2024-05-07,B,3951,32.62,128881.62
2024-05-07,C,1706,19.84,33847.04
2024-05-07,D,2784,19.67,54761.28
2024-05-07,E,810,15.71,12725.1
2024-05-08,A,4863,26.65,129598.95
2024-05-08,B,4058,27.63,112122.54
2024-05-08,C,1713,20.34,34842.42
2024-05-08,D,2779,16.71,46437.09
2024-05-08,E,805,14.39,11583.95
2024-05-09,A,4856,25.62,124410.72
2024-05-09,B,4054,31.36,127133.44
2024-05-09,C,1725,18.16,31326.0
2024-05-09,D,2855,18.11,51704.05
2024-05-09,E,759,15.2,11536.8
2024-05-10,A,5004,22.89,114541.56
2024-05-10,B,3965,30.0,118950.0
2024-05-10,C,1660,20.86,34627.6
2024-05-10,D,2971,16.39,48694.69
2024-05-10,E,723,15.78,11408.94
2024-05-11,A,5228,25.38,132686.64
2024-05-11,B,4070,32.0,130240.0
2024-05-11,C,1666,18.87,31437.42
2024-05-11,D,2910,19.2,55872.0
2024-05-11,E,719,13.78,9907.82
2024-05-12,A,5234,24.52,128337.68
2024-05-12,B,4286,28.2,120865.2
2024-05-12,C,1667,21.5,35840.5
2024-05-12,D,2911,18.74,54552.14
2024-05-12,E,721,13.58,9791.18
2024-05-13,A,5339,22.55,120394.45
2024-05-13,B,4184,28.75,120290.0
2024-05-13,C,1672,18.57,31049.04
2024-05-13,D,2919,18.47,53913.93
2024-05-13,E,722,15.49,11183.78
2024-05-14,A,5446,27.21,148185.66
2024-05-14,B,4267,32.71,139573.57
2024-05-14,C,1615,20.64,33333.6
2024-05-14,D,2921,16.22,47378.62
2024-05-14,E,671,14.58,9783.18
2024-05-15,A,5552,25.07,139188.64
2024-05-15,B,4354,30.0,130620.0
2024-05-15,C,1551,20.41,31655.91
2024-05-15,D,2914,19.66,57289.24
2024-05-15,E,628,16.16,10148.48
2024-05-16,A,5684,23.04,130959.36
2024-05-16,B,4431,28.6,126726.6
2024-05-16,C,1646,21.33,35109.18
2024-05-16,D,2912,19.17,55823.04
2024-05-16,E,578,14.33,8282.74
2024-05-17,A,5687,26.15,148715.05
2024-05-17,B,4517,31.03,140162.51
2024-05-17,C,1645,19.89,32719.05
2024-05-17,D,2921,16.93,49452.53
2024-05-17,E,540,16.17,8731.8
2024-05-18,A,5686,25.89,147210.54
2024-05-18,B,4533,28.01,126969.33
2024-05-18,C,1647,20.82,34290.54
2024-05-18,D,2928,18.87,55251.36
2024-05-18,E,627,16.16,10132.32
2024-05-19,A,5690,23.61,134340.9
2024-05-19,B,4518,32.93,148777.74
2024-05-19,C,1726,18.61,32120.86
2024-05-19,D,2934,18.36,53868.24
2024-05-19,E,568,15.47,8786.96
2024-05-20,A,5689,24.59,139892.51
2024-05-20,B,4601,29.85,137339.85
2024-05-20,C,1655,21.56,35681.8
2024-05-20,D,2880,18.52,53337.6
2024-05-20,E,612,14.99,9173.88
2024-05-21,A,5796,23.14,134119.44
2024-05-21,B,4601,27.04,124411.04
2024-05-21,C,1577,18.5,29174.5
2024-05-21,D,2884,19.64,56641.76
2024-05-21,E,615,15.79,9710.85
2024-05-22,A,5798,27.34,158517.32
2024-05-22,B,4720,27.21,128431.2
2024-05-22,C,1505,20.72,31183.6
2024-05-22,D,2888,16.36,47247.68
2024-05-22,E,617,15.85,9779.45
2024-05-23,A,5798,24.4,141471.2
2024-05-23,B,4715,27.57,129992.55
2024-05-23,C,1558,20.27,31580.66
2024-05-23,D,2882,17.21,49599.22
2024-05-23,E,620,15.48,9597.6
2024-05-24,A,5669,25.79,146203.51
2024-05-24,B,4799,31.23,149872.77
2024-05-24,C,1567,21.97,34426.99
2024-05-24,D,2888,17.59,50799.92
2024-05-24,E,652,14.9,9714.8
2024-05-25,A,5780,26.52,153285.6
2024-05-25,B,5046,30.47,153751.62
2024-05-25,C,1516,18.15,27515.4
2024-05-25,D,2838,19.24,54603.12
2024-05-25,E,593,13.65,8094.45
2024-05-26,A,5672,23.35,132441.2
2024-05-26,B,5470,27.61,151026.7
2024-05-26,C,1464,18.31,26805.84
2024-05-26,D,2834,16.29,46165.86
2024-05-26,E,592,13.67,8092.64
2024-05-27,A,5671,24.71,140130.41
2024-05-27,B,5475,28.52,156147.0
2024-05-27,C,1461,18.51,27043.11
2024-05-27,D,2962,18.57,55004.34
2024-05-27,E,558,14.18,7912.44
2024-05-28,A,5808,22.59,131202.72
2024-05-28,B,5376,29.51,158645.76
2024-05-28,C,1468,19.24,28244.32
2024-05-28,D,3015,17.35,52310.25
2024-05-28,E,562,14.84,8340.08
2024-05-29,A,5815,25.84,150259.6
2024-05-29,B,5286,30.7,162280.2
2024-05-29,C,1473,21.75,32037.75
2024-05-29,D,3133,18.06,56581.98
2024-05-29,E,595,14.92,8877.4
2024-05-30,A,5916,23.57,139440.12
2024-05-30,B,5181,31.53,163356.93
2024-05-30,C,1486,18.56,27580.16
2024-05-30,D,3192,17.97,57360.24
2024-05-30,E,595,14.76,8782.2
2024-05-31,A,6093,25.79,157138.47
2024-05-31,B,5093,32.51,165573.43
2024-05-31,C,1428,21.79,31116.12
2024-05-31,D,3230,16.8,54264.0
2024-05-31,E,598,14.29,8545.42
2024-06-01,A,6086,26.56,161644.16
2024-06-01,B,5181,30.11,155999.91
2024-06-01,C,1441,19.81,28546.21
2024-06-01,D,3338,18.76,62620.88
2024-06-01,E,558,15.31,8542.98
2024-06-02,A,5994,27.35,163935.9
2024-06-02,B,5245,30.5,159972.5
2024-06-02,C,1440,19.86,28598.4
2024-06-02,D,3342,18.15,60657.3
2024-06-02,E,556,15.93,8857.08
2024-06-03,A,5998,25.56,153308.88
2024-06-03,B,5323,30.88,164374.24
2024-06-03,C,1387,21.89,30361.43
2024-06-03,D,3375,18.43,62201.25
2024-06-03,E,608,14.64,8901.12
2024-06-04,A,6105,25.96,158485.8
2024-06-04,B,5327,30.96,164923.92
2024-06-04,C,1392,18.06,25139.52
2024-06-04,D,3377,17.88,60380.76
2024-06-04,E,616,15.73,9689.68
2024-06-05,A,6317,25.0,157925.0
2024-06-05,B,5238,31.68,165939.84
2024-06-05,C,1331,19.8,26353.8
2024-06-05,D,3435,19.74,67806.9
2024-06-05,E,622,14.38,8944.36
2024-06-06,A,6227,22.96,142971.92
2024-06-06,B,5482,29.58,162157.56
2024-06-06,C,1279,20.17,25797.43
2024-06-06,D,3439,17.46,60044.94
2024-06-06,E,619,14.23,8808.37
2024-06-07,A,6227,25.86,161030.22
2024-06-07,B,5573,29.26,163065.98
2024-06-07,C,1280,20.53,26278.4
2024-06-07,D,3437,19.0,65303.0
2024-06-07,E,594,15.78,9373.32
2024-06-08,A,6442,24.38,157055.96
2024-06-08,B,5481,30.41,166677.21
2024-06-08,C,1339,19.8,26512.2
2024-06-08,D,3439,19.33,66475.87
2024-06-08,E,541,16.14,8731.74
2024-06-09,A,6752,24.22,163533.44
2024-06-09,B,5384,27.55,148329.2
2024-06-09,C,1352,18.67,25241.84
2024-06-09,D,3378,17.52,59182.56
2024-06-09,E,494,15.19,7503.86
2024-06-10,A,6654,25.78,171540.12
2024-06-10,B,5295,28.99,153502.05
2024-06-10,C,1413,20.67,29206.71
2024-06-10,D,3420,19.58,66963.6
2024-06-10,E,562,15.46,8688.52
2024-06-11,A,6661,23.29,155134.69
2024-06-11,B,5208,30.48,158739.84
2024-06-11,C,1479,20.17,29831.43
2024-06-11,D,3485,19.33,67365.05
2024-06-11,E,572,14.55,8322.6
2024-06-12,A,6668,24.61,164099.48
2024-06-12,B,5212,30.59,159435.08
2024-06-12,C,1474,20.1,29627.4
2024-06-12,D,3420,18.79,64261.8
2024-06-12,E,616,13.62,8389.92
2024-06-13,A,6898,25.32,174657.36
2024-06-13,B,5140,27.73,142532.2
2024-06-13,C,1618,19.26,31162.68
2024-06-13,D,3400,18.58,63172.0
2024-06-13,E,573,13.97,8004.81
2024-06-14,A,6896,24.04,165779.84
2024-06-14,B,5152,31.22,160845.44
2024-06-14,C,1610,20.6,33166.0
2024-06-14,D,3532,16.53,58383.96
2024-06-14,E,590,15.23,8985.7
2024-06-15,A,6896,23.24,160263.04
2024-06-15,B,5151,28.51,146855.01
2024-06-15,C,1613,19.84,32001.92
2024-06-15,D,3651,16.59,60570.09
2024-06-15,E,596,16.48,9822.08
2024-06-16,A,6897,23.33,160907.01
2024-06-16,B,5259,31.69,166657.71
2024-06-16,C,1684,21.32,35902.88
2024-06-16,D,3728,19.78,73739.84
2024-06-16,E,562,14.79,8311.98
2024-06-17,A,7023,26.87,188708.01
2024-06-17,B,5272,32.75,172658.0
2024-06-17,C,1774,18.69,33156.06
2024-06-17,D,3698,17.93,66305.14
2024-06-17,E,605,13.68,8276.4
2024-06-18,A,7399,25.6,189414.4
2024-06-18,B,5187,30.49,158151.63
2024-06-18,C,1835,18.82,34534.7
2024-06-18,D,3641,19.07,69433.87
2024-06-18,E,574,13.61,7812.14
2024-06-19,A,7408,26.53,196534.24
2024-06-19,B,5197,27.16,141150.52
2024-06-19,C,1891,20.63,39011.33
2024-06-19,D,3639,16.48,59970.72
2024-06-19,E,574,14.25,8179.5
2024-06-20,A,7298,26.11,190550.78
2024-06-20,B,5203,28.68,149222.04
2024-06-20,C,1948,20.04,39037.92
2024-06-20,D,3606,19.49,70280.94
2024-06-20,E,613,13.65,8367.45
2024-06-21,A,7200,26.56,191232.0
2024-06-21,B,5363,27.39,146892.57
2024-06-21,C,1948,18.51,36057.48
2024-06-21,D,3654,16.63,60766.02
2024-06-21,E,613,16.48,10102.24
2024-06-22,A,7104,23.4,166233.6
2024-06-22,B,5356,32.38,173427.28
2024-06-22,C,1977,21.96,43414.92
2024-06-22,D,3700,17.58,65046.0
2024-06-22,E,610,15.39,9387.9
2024-06-23,A,7228,26.4,190819.2
2024-06-23,B,5428,29.36,159366.08
2024-06-23,C,1975,18.65,36833.75
2024-06-23,D,3737,17.76,66369.12
2024-06-23,E,584,15.82,9238.88
2024-06-24,A,7237,26.4,191056.8
2024-06-24,B,5441,28.38,154415.58
2024-06-24,C,2057,18.7,38465.9
2024-06-24,D,3731,19.51,72791.81
2024-06-24,E,631,13.63,8600.53
2024-06-25,A,7149,26.17,187089.33
2024-06-25,B,5532,27.28,150912.96
2024-06-25,C,2055,21.35,43874.25
2024-06-25,D,3732,19.46,72624.72
2024-06-25,E,628,14.39,9036.92
2024-06-26,A,7264,22.87,166127.68
2024-06-26,B,5606,29.88,167507.28
2024-06-26,C,2058,19.19,39493.02
2024-06-26,D,3674,17.7,65029.8
2024-06-26,E,631,15.49,9774.19
2024-06-27,A,7358,23.55,173280.9
2024-06-27,B,5610,29.14,163475.4
2024-06-27,C,2059,21.13,43506.67
2024-06-27,D,3676,18.52,68079.52
2024-06-27,E,638,14.48,9238.24
2024-06-28,A,7369,25.82,190267.58
2024-06-28,B,5605,31.59,177061.95
2024-06-28,C,2059,20.37,41941.83
2024-06-28,D,3803,17.06,64879.18
2024-06-28,E,642,13.5,8667.0
2024-06-29,A,7751,26.51,205479.01
2024-06-29,B,5521,31.94,176340.74
2024-06-29,C,2054,20.79,42702.66
2024-06-29,D,3744,16.48,61701.12
2024-06-29,E,616,15.26,9400.16
2024-06-30,A,7763,26.61,206573.43
2024-06-30,B,5527,29.34,162162.18
2024-06-30,C,2058,18.79,38669.82
2024-06-30,D,3797,18.32,69561.04
2024-06-30,E,619,15.98,9891.62
2024-07-01,A,7763,22.74,176530.62
2024-07-01,B,5527,30.58,169015.66
2024-07-01,C,1990,20.57,40934.3
2024-07-01,D,3836,18.37,70467.32
2024-07-01,E,782,15.45,12081.9
2024-07-02,A,7859,25.66,201661.94
2024-07-02,B,5527,27.78,153540.06
2024-07-02,C,1991,18.94,37709.54
2024-07-02,D,3828,18.43,70550.04
2024-07-02,E,822,13.55,11138.1
2024-07-03,A,8124,25.67,208543.08
2024-07-03,B,5465,30.99,169360.35
2024-07-03,C,2002,18.96,37957.92
2024-07-03,D,3772,18.35,69216.2
2024-07-03,E,828,15.1,12502.8
2024-07-04,A,8121,23.8,193279.8
2024-07-04,B,5476,29.78,163075.28
2024-07-04,C,2076,21.64,44924.64
2024-07-04,D,3781,17.74,67074.94
2024-07-04,E,846,15.39,13019.94
2024-07-05,A,8250,22.68,187110.0
2024-07-05,B,5707,27.47,156771.29
2024-07-05,C,2077,18.33,38071.41
2024-07-05,D,3750,19.0,71250.0
2024-07-05,E,793,14.55,11538.15
2024-07-06,A,8254,23.64,195124.56
2024-07-06,B,5698,31.48,179373.04
2024-07-06,C,2017,18.68,37677.56
2024-07-06,D,3751,17.09,64104.59
2024-07-06,E,813,14.79,12024.27
2024-07-07,A,8265,24.16,199682.4
2024-07-07,B,5751,30.51,175463.01
2024-07-07,C,2025,19.35,39183.75
2024-07-07,D,3753,17.61,66090.33
2024-07-07,E,813,16.09,13081.17
2024-07-08,A,8264,26.92,222466.88
2024-07-08,B,5856,31.97,187216.32
2024-07-08,C,2031,21.46,43585.26
2024-07-08,D,3796,18.25,69277.0
2024-07-08,E,817,15.44,12614.48
2024-07-09,A,8368,25.29,211626.72
2024-07-09,B,5771,31.71,182998.41
2024-07-09,C,2028,20.2,40965.6
2024-07-09,D,3798,16.6,63046.8
2024-07-09,E,811,15.93,12919.23
2024-07-10,A,8594,26.3,226022.2
2024-07-10,B,5771,31.92,184210.32
2024-07-10,C,1975,18.76,37051.0
2024-07-10,D,3853,17.18,66194.54
2024-07-10,E,776,14.39,11166.64
2024-07-11,A,8522,25.04,213390.88
2024-07-11,B,5702,27.8,158515.6
2024-07-11,C,2012,19.54,39314.48
2024-07-11,D,3816,16.86,64337.76
2024-07-11,E,828,14.29,11832.12
2024-07-12,A,8415,26.03,219042.45
2024-07-12,B,5708,32.13,183398.04
2024-07-12,C,2015,18.09,36451.35
2024-07-12,D,3816,18.24,69603.84
2024-07-12,E,879,13.61,11963.19
2024-07-13,A,8412,22.93,192887.16
2024-07-13,B,5794,31.23,180946.62
2024-07-13,C,2007,20.94,42026.58
2024-07-13,D,3826,19.13,73191.38
2024-07-13,E,883,14.92,13174.36
2024-07-14,A,8327,26.8,223163.6
2024-07-14,B,5722,28.0,160216.0
2024-07-14,C,2094,19.0,39786.0
2024-07-14,D,3889,16.68,64868.52
2024-07-14,E,885,15.89,14062.65
2024-07-15,A,8621,23.64,203800.44
2024-07-15,B,5786,27.93,161602.98
2024-07-15,C,2037,20.49,41738.13
2024-07-15,D,3868,16.48,63744.64
2024-07-15,E,890,13.63,12130.7
2024-07-16,A,8531,23.03,196468.93
2024-07-16,B,5790,27.0,156330.0
2024-07-16,C,1966,20.79,40873.14
2024-07-16,D,3988,18.22,72661.36
2024-07-16,E,888,14.13,12547.44
2024-07-17,A,8562,23.67,202662.54
2024-07-17,B,5795,31.87,184686.65
2024-07-17,C,1960,20.01,39219.6
2024-07-17,D,3999,18.71,74821.29
2024-07-17,E,976,14.86,14503.36
2024-07-18,A,8562,23.69,202833.78
2024-07-18,B,5800,32.82,190356.0
2024-07-18,C,1997,20.26,40459.22
2024-07-18,D,3949,16.67,65829.83
2024-07-18,E,970,14.72,14278.4
2024-07-19,A,8634,24.15,208511.1
2024-07-19,B,5809,28.28,164278.52
2024-07-19,C,2003,21.73,43525.19
2024-07-19,D,3903,19.37,75601.11
2024-07-19,E,971,14.1,13691.1
2024-07-20,A,8641,24.26,209630.66
2024-07-20,B,5820,31.57,183737.4
2024-07-20,C,1999,18.83,37641.17
2024-07-20,D,3906,18.33,71596.98
2024-07-20,E,990,15.6,15444.0
2024-07-21,A,8724,25.77,224817.48
2024-07-21,B,5743,31.24,179411.32
2024-07-21,C,2152,20.83,44826.16
2024-07-21,D,3869,19.67,76103.23
2024-07-21,E,947,14.54,13769.38
2024-07-22,A,8782,26.89,236147.98
2024-07-22,B,5805,27.13,157489.65
2024-07-22,C,2094,19.15,40100.1
2024-07-22,D,3870,16.38,63390.6
2024-07-22,E,985,15.45,15218.25
2024-07-23,A,8700,23.0,200100.0
2024-07-23,B,5806,32.07,186198.42
2024-07-23,C,2225,20.59,45812.75
2024-07-23,D,3881,16.3,63260.3
2024-07-23,E,992,15.64,15514.88
2024-07-24,A,8774,26.81,235230.94
2024-07-24,B,5901,30.97,182753.97
2024-07-24,C,2229,18.12,40389.48
2024-07-24,D,3881,19.29,74864.49
2024-07-24,E,960,15.7,15072.0
2024-07-25,A,8869,24.39,216314.91
2024-07-25,B,5982,28.97,173298.54
2024-07-25,C,2233,19.92,44481.36
2024-07-25,D,3888,19.32,75116.16
2024-07-25,E,909,14.26,12962.34
2024-07-26,A,9010,23.0,207230.0
2024-07-26,B,5984,32.19,192624.96
2024-07-26,C,2182,18.11,39516.02
2024-07-26,D,3886,19.48,75699.28
2024-07-26,E,917,14.42,13223.14
2024-07-27,A,9012,25.04,225660.48
2024-07-27,B,5985,27.79,166323.15
2024-07-27,C,2180,21.61,47109.8
2024-07-27,D,3880,18.9,73332.0
2024-07-27,E,914,16.27,14870.78
2024-07-28,A,8924,25.92,231310.08
2024-07-28,B,6178,28.11,173663.58
2024-07-28,C,2120,19.23,40767.6
2024-07-28,D,3881,17.95,69663.95
2024-07-28,E,959,15.32,14691.88
2024-07-29,A,8934,27.13,242379.42
2024-07-29,B,6233,29.3,182626.9
2024-07-29,C,2072,20.81,43118.32
2024-07-29,D,3880,19.66,76280.8
2024-07-29,E,986,13.96,13764.56
2024-07-30,A,8936,26.81,239574.16
2024-07-30,B,6317,29.52,186477.84
2024-07-30,C,2084,20.93,43618.12
2024-07-30,D,3880,17.26,66968.8
2024-07-30,E,964,14.5,13978.0
2024-07-31,A,8939,22.64,202378.96
2024-07-31,B,6256,32.83,205384.48
2024-07-31,C,2080,21.25,44200.0
2024-07-31,D,3928,16.54,64969.12
2024-07-31,E,969,16.5,15988.5
2024-08-01,A,9027,25.53,230459.31
2024-08-01,B,6209,32.12,199433.08
2024-08-01,C,2185,18.27,39919.95
2024-08-01,D,3923,17.6,69044.8
2024-08-01,E,970,15.51,15044.7
2024-08-02,A,9215,23.03,212221.45
2024-08-02,B,6269,29.93,187631.17
2024-08-02,C,2182,19.77,43138.14
2024-08-02,D,3904,16.98,66289.92
2024-08-02,E,949,14.4,13665.6
2024-08-03,A,9214,27.34,251910.76
2024-08-03,B,6200,28.73,178126.0
2024-08-03,C,2363,18.85,44542.55
2024-08-03,D,3902,18.13,70743.26
2024-08-03,E,933,15.51,14470.83
2024-08-04,A,9141,26.13,238854.33
2024-08-04,B,6155,31.53,194067.15
2024-08-04,C,2410,18.15,43741.5
2024-08-04,D,3862,17.62,68048.44
2024-08-04,E,1034,15.82,16357.88
2024-08-05,A,9409,27.02,254231.18
2024-08-05,B,6164,30.61,188680.04
2024-08-05,C,2354,18.21,42866.34
2024-08-05,D,3828,17.63,67487.64
2024-08-05,E,1047,13.72,14364.84
2024-08-06,A,9412,26.24,246970.88
2024-08-06,B,6312,27.38,172822.56
2024-08-06,C,2348,18.74,44001.52
2024-08-06,D,3830,17.7,67791.0
2024-08-06,E,1059,14.89,15768.51
2024-08-07,A,9494,24.53,232887.82
2024-08-07,B,6238,29.78,185767.64
2024-08-07,C,2291,20.85,47767.35
2024-08-07,D,3937,17.53,69015.61
2024-08-07,E,1043,15.14,15791.02
2024-08-08,A,9572,24.02,229919.44
2024-08-08,B,6308,29.12,183688.96
2024-08-08,C,2297,20.46,46996.62
2024-08-08,D,3916,17.97,70370.52
2024-08-08,E,1039,15.67,16281.13
2024-08-09,A,9478,25.3,239793.4
2024-08-09,B,6377,31.82,202916.14
2024-08-09,C,2292,19.77,45312.84
2024-08-09,D,3957,17.97,71107.29
2024-08-09,E,1089,15.51,16890.39
2024-08-10,A,9406,23.61,222075.66
2024-08-10,B,6295,29.32,184569.4
2024-08-10,C,2353,20.5,48236.5
2024-08-10,D,3958,16.3,64515.4
2024-08-10,E,1112,14.81,16468.72
2024-08-11,A,9406,25.49,239758.94
2024-08-11,B,6347,32.8,208181.6
2024-08-11,C,2341,21.51,50354.91
2024-08-11,D,3923,17.21,67514.83
2024-08-11,E,1118,15.02,16792.36
2024-08-12,A,9508,22.78,216592.24
2024-08-12,B,6410,28.44,182300.4
2024-08-12,C,2290,21.1,48319.0
2024-08-12,D,3867,16.64,64346.88
2024-08-12,E,1119,14.27,15968.13
2024-08-13,A,9511,27.22,258889.42
2024-08-13,B,6420,31.94,205054.8
2024-08-13,C,2293,21.13,48451.09
2024-08-13,D,3863,19.31,74594.53
2024-08-13,E,1115,15.75,17561.25
2024-08-14,A,9605,23.1,221875.5
2024-08-14,B,6415,30.1,193091.5
2024-08-14,C,2303,19.78,45553.34
2024-08-14,D,3854,17.32,66751.28
2024-08-14,E,1154,16.0,18464.0
2024-08-15,A,9555,24.82,237155.1
2024-08-15,B,6569,27.36,179727.84
2024-08-15,C,2302,19.1,43968.2
2024-08-15,D,3899,17.02,66360.98
2024-08-15,E,1159,16.16,18729.44
2024-08-16,A,9477,25.74,243937.98
2024-08-16,B,6768,30.36,205476.48
2024-08-16,C,2247,20.03,45007.41
2024-08-16,D,3919,18.54,72658.26
2024-08-16,E,1168,15.76,18407.68
2024-08-17,A,9596,25.27,242490.92
2024-08-17,B,6830,32.63,222862.9
2024-08-17,C,2208,21.91,48377.28
2024-08-17,D,3964,19.78,78407.92
2024-08-17,E,1168,15.51,18115.68
2024-08-18,A,9701,27.16,263479.16
2024-08-18,B,6834,29.43,201124.62
2024-08-18,C,2163,21.44,46374.72
2024-08-18,D,3932,19.47,76556.04
2024-08-18,E,1210,16.21,19614.1
2024-08-19,A,9705,26.65,258638.25
2024-08-19,B,6977,29.44,205402.88
2024-08-19,C,2160,18.64,40262.4
2024-08-19,D,3896,17.4,67790.4
2024-08-19,E,1215,15.8,19197.0
2024-08-20,A,9711,23.66,229762.26
2024-08-20,B,7060,29.87,210882.2
2024-08-20,C,2117,20.26,42890.42
2024-08-20,D,3901,18.37,71661.37
2024-08-20,E,1213,16.31,19784.03
2024-08-21,A,9787,25.81,252602.47
2024-08-21,B,7060,31.72,223943.2
2024-08-21,C,2116,20.33,43018.28
2024-08-21,D,3873,19.2,74361.6
2024-08-21,E,1258,14.29,17976.82
2024-08-22,A,9792,23.55,230601.6
2024-08-22,B,7128,32.56,232087.68
2024-08-22,C,2070,20.77,42993.9
2024-08-22,D,3868,18.62,72022.16
2024-08-22,E,1255,14.9,18699.5
2024-08-23,A,9807,24.38,239094.66
2024-08-23,B,7125,30.33,216101.25
2024-08-23,C,2066,18.48,38179.68
2024-08-23,D,3889,17.84,69379.76
2024-08-23,E,1230,14.87,18290.1
2024-08-24,A,9883,25.19,248952.77
2024-08-24,B,7080,30.81,218134.8
2024-08-24,C,2105,21.83,45952.15
2024-08-24,D,3842,18.55,71269.1
2024-08-24,E,1242,16.15,20058.3
2024-08-25,A,9824,25.28,248350.72
2024-08-25,B,7088,30.76,218026.88
2024-08-25,C,2105,18.28,38479.4
2024-08-25,D,3838,16.68,64017.84
2024-08-25,E,1273,15.24,19400.52
2024-08-26,A,9836,24.48,240785.28
2024-08-26,B,7014,31.79,222975.06
2024-08-26,C,2224,20.17,44858.08
2024-08-26,D,3837,19.38,74361.06
2024-08-26,E,1244,16.42,20426.48
2024-08-27,A,9926,23.24,230680.24
2024-08-27,B,7014,29.37,206001.18
2024-08-27,C,2180,20.66,45038.8
2024-08-27,D,3896,17.3,67400.8
2024-08-27,E,1239,14.3,17717.7
2024-08-28,A,9856,26.57,261873.92
2024-08-28,B,7020,32.88,230817.6
2024-08-28,C,2246,21.1,47390.6
2024-08-28,D,3998,18.09,72323.82
2024-08-28,E,1210,14.83,17944.3
2024-08-29,A,9781,25.2,246481.2
2024-08-29,B,6981,29.78,207894.18
2024-08-29,C,2201,20.01,44042.01
2024-08-29,D,4052,16.93,68600.36
2024-08-29,E,1291,16.21,20927.11
2024-08-30,A,9777,26.27,256841.79
2024-08-30,B,7054,31.09,219308.86
2024-08-30,C,2198,21.8,47916.4
2024-08-30,D,4027,17.22,69344.94
2024-08-30,E,1317,13.74,18095.58
2024-08-31,A,9846,26.63,262198.98
2024-08-31,B,7059,32.99,232876.41
2024-08-31,C,2240,20.31,45494.4
2024-08-31,D,3972,16.41,65180.52
2024-08-31,E,1282,15.84,20306.88
2024-09-01,A,9889,22.87,226161.43
2024-09-01,B,7190,30.24,217425.6
2024-09-01,C,2191,19.11,41870.01
2024-09-01,D,3977,19.49,77511.73
2024-09-01,E,1262,14.85,18740.7
2024-09-02,A,9890,26.99,266931.1
2024-09-02,B,7293,28.79,209965.47
2024-09-02,C,2188,19.55,42775.4
2024-09-02,D,3985,19.61,78145.85
2024-09-02,E,1266,14.1,17850.6
2024-09-03,A,9798,25.39,248771.22
2024-09-03,B,7366,29.33,216044.78
2024-09-03,C,2188,21.1,46166.8
2024-09-03,D,3987,16.67,66463.29
2024-09-03,E,1269,14.81,18793.89
2024-09-04,A,9953,25.99,258678.47
2024-09-04,B,7365,29.44,216825.6
2024-09-04,C,2190,18.23,39923.7
2024-09-04,D,3942,18.74,73873.08
2024-09-04,E,1270,15.01,19062.7
2024-09-05,A,9874,22.56,222757.44
2024-09-05,B,7275,30.68,223197.0
2024-09-05,C,2202,21.68,47739.36
2024-09-05,D,3953,16.6,65619.8
2024-09-05,E,1308,15.27,19973.16
2024-09-06,A,9782,26.14,255701.48
2024-09-06,B,7340,27.42,201262.8
2024-09-06,C,2151,18.09,38911.59
2024-09-06,D,3987,17.87,71247.69
2024-09-06,E,1336,15.87,21202.32
2024-09-07,A,9721,23.3,226499.3
2024-09-07,B,7287,32.02,233329.74
2024-09-07,C,2153,20.63,44416.39
2024-09-07,D,4106,17.4,71444.4
2024-09-07,E,1313,15.05,19760.65
2024-09-08,A,9895,27.33,270430.35
2024-09-08,B,7232,28.3,204665.6
2024-09-08,C,2148,20.0,42960.0
2024-09-08,D,4047,18.45,74667.15
2024-09-08,E,1308,13.91,18194.28
2024-09-09,A,9970,22.72,226518.4
2024-09-09,B,7293,27.08,197494.44
2024-09-09,C,2154,19.3,41572.2
2024-09-09,D,4019,16.47,66192.93
2024-09-09,E,1311,15.91,20858.01
2024-09-10,A,10166,27.49,279463.34
2024-09-10,B,7243,27.37,198240.91
2024-09-10,C,2210,19.73,43603.3
2024-09-10,D,4017,16.29,65436.93
2024-09-10,E,1312,13.9,18236.8
2024-09-11,A,10168,24.11,245150.48
2024-09-11,B,7242,29.36,212625.12
2024-09-11,C,2264,21.76,49264.64
2024-09-11,D,4024,17.63,70943.12
2024-09-11,E,1285,14.99,19262.15
2024-09-12,A,10162,23.73,241144.26
2024-09-12,B,7301,27.0,197127.0
2024-09-12,C,2265,21.6,48924.0
2024-09-12,D,4024,16.49,66355.76
2024-09-12,E,1283,16.39,21028.37
2024-09-13,A,10093,23.15,233652.95
2024-09-13,B,7302,30.63,223660.26
2024-09-13,C,2261,22.0,49742.0
2024-09-13,D,4023,16.7,67184.1
2024-09-13,E,1372,14.77,20264.44
2024-09-14,A,10095,26.4,266508.0
2024-09-14,B,7433,27.19,202103.27
2024-09-14,C,2204,20.76,45755.04
2024-09-14,D,3976,16.49,65564.24
2024-09-14,E,1429,14.21,20306.09
2024-09-15,A,10098,23.3,235283.4
2024-09-15,B,7501,32.44,243332.44
2024-09-15,C,2241,18.72,41951.52
2024-09-15,D,4000,16.35,65400.0
2024-09-15,E,1395,15.26,21287.7
2024-09-16,A,10098,24.23,244674.54
2024-09-16,B,7502,29.43,220783.86
2024-09-16,C,2240,18.48,41395.2
2024-09-16,D,4034,18.89,76202.26
2024-09-16,E,1384,15.3,21175.2
2024-09-17,A,10098,24.32,245583.36
2024-09-17,B,7448,28.03,208767.44
2024-09-17,C,2256,20.37,45954.72
2024-09-17,D,4054,19.0,77026.0
2024-09-17,E,1386,14.44,20013.84
2024-09-18,A,10194,22.63,230690.22
2024-09-18,B,7458,28.29,210986.82
2024-09-18,C,2253,20.73,46704.69
2024-09-18,D,4051,19.76,80047.76
2024-09-18,E,1400,13.54,18956.0
2024-09-19,A,10178,24.03,244577.34
2024-09-19,B,7523,27.37,205904.51
2024-09-19,C,2212,19.27,42625.24
2024-09-19,D,4112,17.66,72617.92
2024-09-19,E,1407,16.26,22877.82
2024-09-20,A,10260,22.9,234954.0
2024-09-20,B,7592,31.66,240362.72
2024-09-20,C,2161,19.58,42312.38
2024-09-20,D,4198,19.12,80265.76
2024-09-20,E,1351,15.04,20319.04
2024-09-21,A,10352,22.7,234990.4
2024-09-21,B,7604,32.68,248498.72
2024-09-21,C,2155,18.33,39501.15
2024-09-21,D,4197,18.35,77014.95
2024-09-21,E,1356,16.13,21872.28
2024-09-22,A,10349,22.9,236992.1
2024-09-22,B,7553,30.32,229006.96
2024-09-22,C,2166,21.3,46135.8
2024-09-22,D,4251,19.75,83957.25
2024-09-22,E,1360,15.67,21311.2
2024-09-23,A,10435,23.89,249292.15
2024-09-23,B,7599,31.2,237088.8
2024-09-23,C,2169,20.82,45158.58
2024-09-23,D,4187,18.72,78380.64
2024-09-23,E,1331,16.06,21375.86
2024-09-24,A,10501,22.94,240892.94
2024-09-24,B,7602,27.65,210195.3
2024-09-24,C,2235,20.56,45951.6
2024-09-24,D,4191,19.63,82269.33
2024-09-24,E,1315,14.9,19593.5
2024-09-25,A,10426,27.3,284629.8
2024-09-25,B,7595,32.63,247824.85
2024-09-25,C,2239,21.61,48384.79
2024-09-25,D,4242,19.48,82634.16
2024-09-25,E,1372,16.19,22212.68
2024-09-26,A,10351,26.6,275336.6
2024-09-26,B,7597,31.17,236798.49
2024-09-26,C,2286,18.1,41376.6
2024-09-26,D,4193,16.68,69939.24
2024-09-26,E,1385,13.9,19251.5
2024-09-27,A,10428,22.62,235881.36
2024-09-27,B,7514,27.7,208137.8
2024-09-27,C,2289,21.68,49625.52
2024-09-27,D,4196,18.59,78003.64
2024-09-27,E,1395,14.44,20143.8
2024-09-28,A,10346,26.47,273858.62
2024-09-28,B,7577,29.93,226779.61
2024-09-28,C,2259,18.57,41949.63
2024-09-28,D,4227,19.38,81919.26
2024-09-28,E,1411,14.52,20487.72
2024-09-29,A,10348,25.99,268944.52
2024-09-29,B,7528,28.74,216354.72
2024-09-29,C,2360,20.0,47200.0
2024-09-29,D,4193,19.14,80254.02
2024-09-29,E,1405,13.97,19627.85
2024-09-30,A,10270,27.39,281295.3
2024-09-30,B,7469,27.42,204799.98
2024-09-30,C,2376,20.14,47852.64
2024-09-30,D,4189,19.5,81685.5
2024-09-30,E,1455,16.34,23774.7
2024-10-01,A,10203,23.66,241402.98
2024-10-01,B,7486,27.86,208559.96
2024-10-01,C,2331,20.9,48717.9
2024-10-01,D,4236,16.35,69258.6
2024-10-01,E,1508,14.96,22559.68
2024-10-02,A,10464,26.48,277086.72
2024-10-02,B,7406,30.36,224846.16
2024-10-02,C,2280,18.75,42750.0
2024-10-02,D,4235,17.95,76018.25
2024-10-02,E,1500,16.26,24390.0
2024-10-03,A,10468,25.59,267876.12
2024-10-03,B,7350,31.33,230275.5
2024-10-03,C,2275,19.35,44021.25
2024-10-03,D,4234,16.88,71469.92
2024-10-03,E,1530,14.27,21833.1
2024-10-04,A,10468,25.17,263479.56
2024-10-04,B,7283,28.68,208876.44
2024-10-04,C,2274,20.17,45866.58
2024-10-04,D,4303,18.75,80681.25
2024-10-04,E,1496,15.7,23487.2
2024-10-05,A,10472,23.32,244207.04
2024-10-05,B,7278,31.5,229257.0
2024-10-05,C,2321,20.69,48021.49
2024-10-05,D,4306,16.24,69929.44
2024-10-05,E,1467,13.68,20068.56
2024-10-06,A,10404,25.73,267694.92
2024-10-06,B,7314,29.3,214300.2
2024-10-06,C,2326,18.58,43217.08
2024-10-06,D,4297,16.36,70298.92
2024-10-06,E,1496,13.98,20914.08
2024-10-07,A,10325,27.29,281769.25
2024-10-07,B,7401,31.37,232169.37
2024-10-07,C,2336,20.11,46976.96
2024-10-07,D,4321,19.59,84648.39
2024-10-07,E,1494,15.36,22947.84
2024-10-08,A,10319,26.13,269635.47
2024-10-08,B,7350,28.7,210945.0
2024-10-08,C,2344,20.36,47723.84
2024-10-08,D,4328,16.72,72364.16
2024-10-08,E,1527,14.71,22462.17
2024-10-09,A,10381,22.67,235337.27
2024-10-09,B,7351,28.3,208033.3
2024-10-09,C,2303,18.3,42144.9
2024-10-09,D,4328,17.6,76172.8
2024-10-09,E,1518,16.03,24333.54
2024-10-10,A,10317,24.39,251631.63
2024-10-10,B,7567,31.99,242068.33
2024-10-10,C,2361,20.63,48707.43
2024-10-10,D,4294,18.03,77420.82
2024-10-10,E,1522,14.21,21627.62
2024-10-11,A,10491,27.11,284411.01
2024-10-11,B,7571,27.33,206915.43
2024-10-11,C,2321,20.76,48183.96
2024-10-11,D,4274,18.44,78812.56
2024-10-11,E,1531,14.82,22689.42
2024-10-12,A,10594,23.7,251077.8
2024-10-12,B,7573,29.58,224009.34
2024-10-12,C,2373,21.49,50995.77
2024-10-12,D,4224,19.21,81143.04
2024-10-12,E,1489,16.32,24300.48
2024-10-13,A,10741,24.04,258213.64
2024-10-13,B,7569,29.32,221923.08
2024-10-13,C,2344,18.07,42356.08
2024-10-13,D,4256,19.59,83375.04
2024-10-13,E,1447,14.49,20967.03
2024-10-14,A,10930,24.52,268003.6
2024-10-14,B,7566,32.45,245516.7
2024-10-14,C,2338,20.11,47017.18
2024-10-14,D,4218,18.24,76936.32
2024-10-14,E,1463,14.03,20525.89
2024-10-15,A,11073,24.99,276714.27
2024-10-15,B,7570,32.51,246100.7
2024-10-15,C,2309,20.23,46711.07
2024-10-15,D,4195,17.12,71818.4
2024-10-15,E,1502,13.59,20412.18
2024-10-16,A,11073,24.18,267745.14
2024-10-16,B,7680,30.44,233779.2
2024-10-16,C,2387,18.17,43371.79
2024-10-16,D,4165,18.4,76636.0
2024-10-16,E,1484,15.07,22363.88
2024-10-17,A,10992,26.42,290408.64
2024-10-17,B,7765,27.17,210975.05
2024-10-17,C,2393,21.12,50540.16
2024-10-17,D,4211,18.08,76134.88
2024-10-17,E,1484,14.61,21681.24
2024-10-18,A,10925,27.33,298580.25
2024-10-18,B,7845,27.96,219346.2
2024-10-18,C,2395,20.17,48307.15
2024-10-18,D,4167,17.36,72339.12
2024-10-18,E,1533,15.08,23117.64
2024-10-19,A,10934,25.26,276192.84
2024-10-19,B,7854,27.54,216299.16
2024-10-19,C,2351,20.64,48524.64
2024-10-19,D,4216,18.48,77911.68
2024-10-19,E,1620,15.81,25612.2
2024-10-20,A,10874,22.95,249558.3
2024-10-20,B,7790,28.78,224196.2
2024-10-20,C,2419,20.6,49831.4
2024-10-20,D,4220,16.69,70431.8
2024-10-20,E,1701,15.53,26416.53
2024-10-21,A,10881,22.8,248086.8
2024-10-21,B,7935,29.01,230194.35
2024-10-21,C,2456,21.39,52533.84
2024-10-21,D,4221,18.99,80156.79
2024-10-21,E,1678,15.43,25891.54
2024-10-22,A,10839,26.85,291027.15
2024-10-22,B,8028,31.26,250955.28
2024-10-22,C,2499,20.08,50179.92
2024-10-22,D,4228,19.73,83418.44
2024-10-22,E,1683,15.58,26221.14
2024-10-23,A,10843,25.51,276604.93
2024-10-23,B,7955,29.45,234274.75
2024-10-23,C,2492,21.61,53852.12
2024-10-23,D,4271,17.26,73717.46
2024-10-23,E,1711,13.53,23149.83
2024-10-24,A,10988,23.48,257998.24
2024-10-24,B,7895,27.66,218375.7
2024-10-24,C,2488,19.28,47968.64
2024-10-24,D,4303,19.17,82488.51
2024-10-24,E,1689,15.45,26095.05
2024-10-25,A,11085,23.34,258723.9
2024-10-25,B,7837,31.73,248668.01
2024-10-25,C,2542,20.02,50890.84
2024-10-25,D,4296,18.05,77542.8
2024-10-25,E,1683,14.59,24554.97
2024-10-26,A,11261,26.82,302020.02
2024-10-26,B,7788,28.91,225151.08
2024-10-26,C,2486,18.38,45692.68
2024-10-26,D,4317,17.29,74640.93
2024-10-26,E,1658,15.65,25947.7
2024-10-27,A,11266,25.79,290550.14
2024-10-27,B,7750,28.13,218007.5
2024-10-27,C,2478,18.45,45719.1
2024-10-27,D,4446,18.58,82606.68
2024-10-27,E,1658,15.53,25748.74
2024-10-28,A,11362,24.33,276437.46
2024-10-28,B,7848,32.06,251606.88
2024-10-28,C,2479,21.91,54314.89
2024-10-28,D,4443,16.94,75264.42
2024-10-28,E,1619,15.23,24657.37
2024-10-29,A,11585,22.53,261010.05
2024-10-29,B,7795,31.28,243827.6
2024-10-29,C,2483,19.66,48815.78
2024-10-29,D,4410,16.9,74529.0
2024-10-29,E,1585,15.76,24979.6
2024-10-30,A,11589,26.55,307687.95
2024-10-30,B,7865,27.67,217624.55
2024-10-30,C,2489,18.16,45200.24
2024-10-30,D,4403,17.4,76612.2
2024-10-30,E,1586,15.38,24392.68
2024-10-31,A,11572,26.47,306310.84
2024-10-31,B,7867,30.28,238212.76
2024-10-31,C,2454,20.32,49865.28
2024-10-31,D,4377,19.08,83513.16
2024-10-31,E,1654,15.09,24958.86
2024-11-01,A,11653,25.56,297850.68
2024-11-01,B,7867,30.1,236796.7
2024-11-01,C,2573,21.52,55370.96
2024-11-01,D,4338,17.05,73962.9
2024-11-01,E,1621,14.29,23164.09
2024-11-02,A,11657,23.14,269742.98
2024-11-02,B,7978,31.92,254657.76
2024-11-02,C,2502,19.65,49164.3
2024-11-02,D,4397,17.45,76727.65
2024-11-02,E,1582,16.44,26008.08
2024-11-03,A,11655,27.13,316200.15
2024-11-03,B,8037,32.83,263854.71
2024-11-03,C,2459,18.57,45663.63
2024-11-03,D,4408,19.41,85559.28
2024-11-03,E,1588,14.49,23010.12
2024-11-04,A,11659,22.56,263027.04
2024-11-04,B,8109,29.35,237999.15
2024-11-04,C,2460,20.04,49298.4
2024-11-04,D,4413,16.59,73211.67
2024-11-04,E,1564,15.11,23632.04
2024-11-05,A,11758,26.6,312762.8
2024-11-05,B,8155,29.27,238696.85
2024-11-05,C,2464,19.41,47826.24
2024-11-05,D,4462,17.42,77728.04
2024-11-05,E,1535,16.27,24974.45
2024-11-06,A,11690,22.74,265830.6
2024-11-06,B,8211,29.67,243620.37
2024-11-06,C,2416,19.06,46048.96
2024-11-06,D,4549,19.42,88341.58
2024-11-06,E,1580,13.79,21788.2
2024-11-07,A,11595,24.56,284773.2
2024-11-07,B,8270,29.44,243468.8
2024-11-07,C,2405,21.55,51827.75
2024-11-07,D,4619,16.98,78430.62
2024-11-07,E,1562,15.43,24101.66
2024-11-08,A,11800,23.17,273406.0
2024-11-08,B,8283,32.72,271019.76
2024-11-08,C,2349,20.37,47849.13
2024-11-08,D,4625,18.45,85331.25
2024-11-08,E,1526,14.8,22584.8
2024-11-09,A,11865,24.21,287251.65
2024-11-09,B,8292,28.28,234497.76
2024-11-09,C,2351,20.42,48007.42
2024-11-09,D,4597,19.64,90285.08
2024-11-09,E,1521,14.58,22176.18
2024-11-10,A,11788,26.92,317332.96
2024-11-10,B,8435,27.89,235252.15
2024-11-10,C,2467,21.74,53632.58
2024-11-10,D,4593,17.46,80193.78
2024-11-10,E,1495,14.64,21886.8
2024-11-11,A,11791,24.81,292534.71
2024-11-11,B,8582,31.31,268702.42
2024-11-11,C,2512,20.88,52450.56
2024-11-11,D,4553,17.93,81635.29
2024-11-11,E,1468,15.07,22122.76
2024-11-12,A,11922,22.65,270033.3
2024-11-12,B,8665,28.83,249811.95
2024-11-12,C,2515,19.38,48740.7
2024-11-12,D,4506,18.21,82054.26
2024-11-12,E,1466,15.17,22239.22
2024-11-13,A,12065,26.05,314293.25
2024-11-13,B,8673,31.3,271464.9
2024-11-13,C,2527,18.94,47861.38
2024-11-13,D,4483,18.97,85042.51
2024-11-13,E,1475,13.56,20001.0
2024-11-14,A,11981,26.08,312464.48
2024-11-14,B,8588,27.61,237114.68
2024-11-14,C,2655,20.92,55542.6
2024-11-14,D,4546,18.1,82282.6
2024-11-14,E,1479,14.81,21903.99
2024-11-15,A,11993,25.95,311218.35
2024-11-15,B,8511,27.22,231669.42
2024-11-15,C,2659,18.89,50228.51
2024-11-15,D,4545,18.42,83718.9
2024-11-15,E,1553,16.04,24910.12
2024-11-16,A,11994,24.41,292773.54
2024-11-16,B,8590,28.55,245244.5
2024-11-16,C,2658,20.07,53346.06
2024-11-16,D,4586,18.44,84565.84
2024-11-16,E,1548,14.76,22848.48
2024-11-17,A,11927,26.88,320597.76
2024-11-17,B,8531,30.14,257124.34
2024-11-17,C,2792,18.14,50646.88
2024-11-17,D,4623,17.0,78591.0
2024-11-17,E,1547,14.85,22972.95
2024-11-18,A,11934,25.99,310164.66
2024-11-18,B,8483,28.32,240238.56
2024-11-18,C,2829,21.91,61983.39
2024-11-18,D,4682,17.35,81232.7
2024-11-18,E,1546,15.1,23344.6
2024-11-19,A,11861,22.59,267939.99
2024-11-19,B,8478,32.31,273924.18
2024-11-19,C,2829,21.16,59861.64
2024-11-19,D,4632,16.9,78280.8
2024-11-19,E,1576,16.3,25688.8
2024-11-20,A,12055,24.08,290284.4
2024-11-20,B,8486,31.15,264338.9
2024-11-20,C,2831,21.28,60243.68
2024-11-20,D,4634,18.87,87443.58
2024-11-20,E,1574,16.25,25577.5
2024-11-21,A,12054,26.82,323288.28
2024-11-21,B,8494,32.97,280047.18
2024-11-21,C,2891,18.73,54148.43
2024-11-21,D,4604,17.3,79649.2
2024-11-21,E,1576,15.41,24286.16
2024-11-22,A,12134,26.17,317546.78
2024-11-22,B,8573,30.21,258990.33
2024-11-22,C,2883,18.3,52758.9
2024-11-22,D,4605,19.23,88554.15
2024-11-22,E,1575,16.38,25798.5
2024-11-23,A,12063,24.53,295905.39
2024-11-23,B,8569,28.35,242931.15
2024-11-23,C,3008,18.08,54384.64
2024-11-23,D,4577,17.05,78037.85
2024-11-23,E,1625,15.6,25350.0
2024-11-24,A,11997,27.06,324638.82
2024-11-24,B,8627,27.56,237760.12
2024-11-24,C,3055,20.21,61741.55
2024-11-24,D,4569,18.7,85440.3
2024-11-24,E,1626,14.33,23300.58
2024-11-25,A,11994,25.35,304047.9
2024-11-25,B,8630,31.29,270032.7
2024-11-25,C,3001,21.35,64071.35
2024-11-25,D,4666,17.83,83194.78
2024-11-25,E,1625,15.74,25577.5
2024-11-26,A,12096,24.01,290424.96
2024-11-26,B,8562,28.28,242133.36
2024-11-26,C,2955,18.75,55406.25
2024-11-26,D,4845,17.49,84739.05
2024-11-26,E,1622,13.61,22075.42
2024-11-27,A,12011,23.91,287183.01
2024-11-27,B,8570,30.91,264898.7
2024-11-27,C,2956,20.59,60864.04
2024-11-27,D,4824,16.46,79403.04
2024-11-27,E,1678,14.36,24096.08
2024-11-28,A,12193,25.35,309092.55
2024-11-28,B,8501,28.91,245763.91
2024-11-28,C,2957,19.67,58164.19
2024-11-28,D,4842,18.77,90884.34
2024-11-28,E,1689,13.53,22852.17
2024-11-29,A,12371,23.88,295419.48
2024-11-29,B,8505,27.85,236864.25
2024-11-29,C,2906,18.51,53790.06
2024-11-29,D,4821,19.65,94732.65
2024-11-29,E,1771,14.63,25909.73
2024-11-30,A,12369,25.14,310956.66
2024-11-30,B,8499,31.4,266868.6
2024-11-30,C,2990,18.19,54388.1
2024-11-30,D,4821,17.07,82294.47
2024-11-30,E,1736,16.0,27776.0
2024-12-01,A,12553,26.81,336545.93
2024-12-01,B,8595,29.24,251317.8
2024-12-01,C,2926,19.5,57057.0
2024-12-01,D,4814,18.92,91080.88
2024-12-01,E,1738,14.39,25009.82
2024-12-02,A,12466,23.09,287839.94
2024-12-02,B,8669,28.55,247499.95
2024-12-02,C,2927,19.55,57222.85
2024-12-02,D,4816,16.39,78934.24
2024-12-02,E,1782,14.94,26623.08
2024-12-03,A,12377,26.2,324277.4
2024-12-03,B,8842,30.08,265967.36
2024-12-03,C,2876,18.29,52602.04
2024-12-03,D,4760,17.78,84632.8
2024-12-03,E,1826,15.63,28540.38
2024-12-04,A,12370,22.79,281912.3
2024-12-04,B,8780,27.36,240220.8
2024-12-04,C,2933,19.48,57134.84
2024-12-04,D,4839,16.9,81779.1
2024-12-04,E,1818,16.3,29633.4
2024-12-05,A,12470,25.41,316862.7
2024-12-05,B,8726,28.72,250610.72
2024-12-05,C,2937,20.82,61148.34
2024-12-05,D,4833,17.55,84819.15
2024-12-05,E,1840,13.9,25576.0
2024-12-06,A,12391,23.69,293542.79
2024-12-06,B,8729,30.86,269376.94
2024-12-06,C,2978,18.21,54229.38
2024-12-06,D,4875,17.18,83752.5
2024-12-06,E,1828,14.12,25811.36
2024-12-07,A,12387,23.51,291218.37
2024-12-07,B,8722,31.1,271254.2
2024-12-07,C,2936,21.3,62536.8
2024-12-07,D,4880,18.78,91646.4
2024-12-07,E,1856,15.44,28656.64
2024-12-08,A,12382,27.08,335304.56
2024-12-08,B,8659,27.35,236823.65
2024-12-08,C,2938,18.67,54852.46
2024-12-08,D,5053,17.69,89387.57
2024-12-08,E,1851,14.62,27061.62
2024-12-09,A,12542,24.59,308407.78
2024-12-09,B,8666,28.24,244727.84
2024-12-09,C,2885,18.6,53661.0
2024-12-09,D,5059,18.03,91213.77
2024-12-09,E,1887,16.28,30720.36
2024-12-10,A,12555,24.46,307095.3
2024-12-10,B,8728,27.26,237925.28
2024-12-10,C,2886,20.82,60086.52
2024-12-10,D,5053,17.25,87164.25
2024-12-10,E,1853,14.24,26386.72
2024-12-11,A,12746,24.12,307433.52
2024-12-11,B,8669,31.34,271686.46
2024-12-11,C,2888,21.28,61456.64
2024-12-11,D,4999,18.32,91581.68
2024-12-11,E,1861,14.47,26928.67
2024-12-12,A,12746,24.05,306541.3
2024-12-12,B,8671,27.75,240620.25
2024-12-12,C,2844,21.73,61800.12
2024-12-12,D,5031,18.5,93073.5
2024-12-12,E,1890,13.58,25666.2
2024-12-13,A,12664,25.81,326857.84
2024-12-13,B,8887,29.68,263766.16
2024-12-13,C,2849,21.89,62364.61
2024-12-13,D,5030,19.15,96324.5
2024-12-13,E,1855,14.01,25988.55
2024-12-14,A,12753,26.1,332853.3
2024-12-14,B,8892,29.91,265959.72
2024-12-14,C,2857,18.75,53568.75
2024-12-14,D,5050,18.72,94536.0
2024-12-14,E,1883,15.14,28508.62
2024-12-15,A,12668,22.65,286930.2
2024-12-15,B,8897,30.88,274739.36
2024-12-15,C,2854,20.54,58621.16
2024-12-15,D,5050,16.72,84436.0
2024-12-15,E,1926,14.55,28023.3
2024-12-16,A,12768,25.43,324690.24
2024-12-16,B,8918,27.83,248187.94
2024-12-16,C,2784,21.41,59605.44
2024-12-16,D,5047,16.3,82266.1
2024-12-16,E,1962,13.81,27095.22
2024-12-17,A,12767,23.08,294662.36
2024-12-17,B,8920,30.17,269116.4
2024-12-17,C,2931,20.48,60026.88
2024-12-17,D,5051,17.65,89150.15
2024-12-17,E,1931,14.37,27748.47
2024-12-18,A,12678,26.55,336600.9
2024-12-18,B,8914,27.41,244332.74
2024-12-18,C,2870,19.12,54874.4
2024-12-18,D,4985,16.34,81454.9
2024-12-18,E,2017,13.54,27310.18
2024-12-19,A,12762,24.27,309733.74
2024-12-19,B,8839,28.17,248994.63
2024-12-19,C,3022,19.07,57629.54
2024-12-19,D,4984,19.16,95493.44
2024-12-19,E,1963,13.99,27462.37
2024-12-20,A,12844,26.4,339081.6
2024-12-20,B,8831,31.05,274202.55
2024-12-20,C,3017,19.31,58258.27
2024-12-20,D,4982,18.17,90522.94
2024-12-20,E,1927,14.83,28577.41
2024-12-21,A,12954,23.14,299755.56
2024-12-21,B,8831,32.44,286477.64
2024-12-21,C,3015,20.28,61144.2
2024-12-21,D,4986,19.37,96578.82
2024-12-21,E,1928,15.97,30790.16
2024-12-22,A,13175,22.9,301707.5
2024-12-22,B,8926,28.24,252070.24
2024-12-22,C,2954,18.58,54885.32
2024-12-22,D,4928,19.19,94568.32
2024-12-22,E,1936,16.09,31150.24
2024-12-23,A,13175,25.14,331219.5
2024-12-23,B,9010,27.63,248946.3
2024-12-23,C,2898,18.54,53728.92
2024-12-23,D,5042,19.13,96453.46
2024-12-23,E,1946,16.29,31700.34
2024-12-24,A,13254,23.5,311469.0
2024-12-24,B,9098,27.07,246282.86
2024-12-24,C,2839,19.32,54849.48
2024-12-24,D,5051,16.31,82381.81
2024-12-24,E,1911,15.98,30537.78
2024-12-25,A,13430,24.96,335212.8
2024-12-25,B,9175,30.85,283048.75
2024-12-25,C,2839,19.65,55786.35
2024-12-25,D,5057,17.44,88194.08
2024-12-25,E,1870,14.17,26497.9
2024-12-26,A,13632,26.35,359203.2
2024-12-26,B,9131,31.17,284613.27
2024-12-26,C,2840,19.44,55209.6
2024-12-26,D,5061,17.36,87858.96
2024-12-26,E,1867,13.5,25204.5
2024-12-27,A,13519,22.82,308503.58
2024-12-27,B,9137,30.74,280871.38
2024-12-27,C,2973,20.06,59638.38
2024-12-27,D,5035,17.77,89471.95
2024-12-27,E,1867,15.98,29834.66
2024-12-28,A,13521,25.02,338295.42
2024-12-28,B,9213,29.31,270033.03
2024-12-28,C,2982,18.65,55614.3
2024-12-28,D,5023,19.15,96190.45
2024-12-28,E,1898,15.23,28906.54
2024-12-29,A,13524,22.96,310511.04
2024-12-29,B,9290,30.89,286968.1
2024-12-29,C,2987,19.7,58843.9
2024-12-29,D,5018,19.12,95944.16
2024-12-29,E,1862,16.26,30276.12
2024-12-30,A,13629,25.5,347539.5
2024-12-30,B,9205,31.39,288944.95
2024-12-30,C,3125,18.23,56968.75
2024-12-30,D,5015,18.22,91373.3
2024-12-30,E,1853,15.77,29221.81
2024-12-31,A,13629,24.98,340452.42
2024-12-31,B,9326,30.56,285002.56
2024-12-31,C,3072,21.6,66355.2
2024-12-31,D,5071,16.91,85750.61
2024-12-31,E,1854,13.79,25566.66
2025-01-01,A,13622,25.95,353490.9
2025-01-01,B,9338,31.94,298255.72
2025-01-01,C,3078,21.4,65869.2
2025-01-01,D,5131,18.51,94974.81
2025-01-01,E,1897,16.0,30352.0
