Data,Maquina,Produto,Planejado,Produzido,Horas_maquina
2024-01-01,MC-3,B,74,67,12.29
2024-01-01,MC-5,A,117,120,22.61
2024-01-01,MC-4,B,78,71,12.83
2024-01-01,MC-2,B,76,62,7.69
2024-01-01,MC-6,C,61,64,10.56
2024-01-01,MC-1,D,41,37,5.09
2024-01-02,MC-3,A,100,88,11.04
2024-01-02,MC-5,C,58,58,9.13
2024-01-02,MC-1,E,54,62,8.4
2024-01-02,MC-4,D,41,38,7.09
2024-01-02,MC-7,D,39,43,6.84
2024-01-02,MC-2,B,76,66,12.92
2024-01-03,MC-7,C,69,74,11.15
2024-01-03,MC-2,A,107,107,16.39
2024-01-03,MC-3,E,51,48,8.51
2024-01-03,MC-4,A,108,93,14.47
2024-01-03,MC-5,A,106,102,12.93
2024-01-03,MC-6,B,71,69,12.39
2024-01-04,MC-5,E,38,34,4.13
2024-01-04,MC-4,B,91,75,10.44
2024-01-04,MC-3,D,56,54,7.09
2024-01-04,MC-7,D,60,57,7.87
2024-01-04,MC-6,A,114,103,12.72
2024-01-04,MC-1,D,57,55,8.33
2024-01-05,MC-3,D,53,45,6.28
2024-01-05,MC-1,C,90,86,11.25
2024-01-05,MC-2,D,53,52,8.14
2024-01-05,MC-7,A,87,77,12.27
2024-01-05,MC-6,C,91,83,11.2
2024-01-05,MC-4,A,88,86,16.39
2024-01-06,MC-4,A,116,103,18.67
2024-01-06,MC-6,B,101,101,12.19
2024-01-06,MC-7,C,79,81,10.09
2024-01-06,MC-3,E,35,35,4.3
2024-01-06,MC-5,A,121,113,19.35
2024-01-06,MC-2,C,81,75,11.05
2024-01-07,MC-5,A,116,113,13.81
2024-01-07,MC-6,B,90,84,15.59
2024-01-07,MC-7,D,62,58,10.2
2024-01-07,MC-3,B,96,101,18.27
2024-01-07,MC-2,A,123,116,22.78
2024-01-07,MC-1,D,59,58,10.12
2024-01-08,MC-6,B,74,66,10.25
2024-01-08,MC-3,B,76,65,10.36
2024-01-08,MC-7,E,58,60,8.01
2024-01-08,MC-1,B,73,73,10.54
2024-01-08,MC-4,E,61,53,8.58
2024-01-09,MC-4,B,66,55,7.37
2024-01-09,MC-3,E,51,50,6.86
2024-01-09,MC-7,C,75,61,7.68
2024-01-09,MC-5,C,73,64,11.87
2024-01-09,MC-6,B,71,58,9.48
2024-01-09,MC-1,A,109,97,15.43
2024-01-09,MC-2,D,59,56,10.14
2024-01-10,MC-2,E,26,24,4.53
2024-01-10,MC-4,E,26,29,4.73
2024-01-10,MC-6,B,93,81,15.33
2024-01-10,MC-7,A,114,106,20.85
2024-01-10,MC-1,D,32,26,4.85
2024-01-10,MC-3,B,93,80,13.57
2024-01-11,MC-6,E,45,42,6.3
2024-01-11,MC-2,C,62,53,6.43
2024-01-11,MC-1,B,117,114,15.1
2024-01-11,MC-4,A,112,109,15.35
2024-01-11,MC-3,C,63,58,7.87
2024-01-11,MC-7,B,114,107,20.75
2024-01-12,MC-1,B,86,81,14.05
2024-01-12,MC-7,B,87,89,14.0
2024-01-12,MC-5,B,85,81,11.24
2024-01-12,MC-4,C,63,50,8.43
2024-01-12,MC-2,C,65,62,9.46
2024-01-12,MC-3,D,60,44,8.67
2024-01-12,MC-6,D,61,59,9.61
2024-01-13,MC-4,B,94,95,18.17
2024-01-13,MC-2,D,67,72,12.66
2024-01-13,MC-5,B,94,85,15.54
2024-01-13,MC-6,D,68,55,10.95
2024-01-13,MC-7,B,92,92,13.85
2024-01-14,MC-3,C,55,53,9.97
2024-01-14,MC-7,E,48,48,8.44
2024-01-14,MC-2,D,57,53,6.45
2024-01-14,MC-4,A,90,86,14.35
2024-01-14,MC-1,A,94,93,15.95
2024-01-15,MC-2,D,52,44,7.0
2024-01-15,MC-3,E,35,43,6.97
2024-01-15,MC-4,C,71,67,9.48
2024-01-15,MC-7,A,115,100,14.18
2024-01-15,MC-6,A,110,114,21.28
2024-01-15,MC-5,E,37,38,4.6
2024-01-16,MC-1,E,46,37,7.16
2024-01-16,MC-3,E,45,47,7.14
2024-01-16,MC-2,A,121,120,14.87
2024-01-16,MC-4,A,119,107,12.87
2024-01-16,MC-5,C,71,70,11.9
2024-01-17,MC-5,E,50,47,8.81
2024-01-17,MC-4,A,118,114,15.51
2024-01-17,MC-3,E,51,48,6.65
2024-01-17,MC-6,B,81,79,15.15
2024-01-17,MC-7,C,89,91,17.62
2024-01-17,MC-2,B,83,74,13.63
2024-01-17,MC-1,E,49,42,7.88
2024-01-18,MC-3,B,64,65,9.1
2024-01-18,MC-4,C,58,48,8.63
2024-01-18,MC-2,A,108,101,14.6
2024-01-18,MC-1,C,58,55,8.72
2024-01-18,MC-5,A,106,93,16.27
2024-01-18,MC-7,B,64,62,10.47
2024-01-19,MC-7,E,36,39,5.57
2024-01-19,MC-3,C,64,71,11.05
2024-01-19,MC-6,E,36,38,4.67
2024-01-19,MC-4,C,64,57,9.19
2024-01-19,MC-2,D,55,52,7.66
2024-01-19,MC-5,B,103,85,14.05
2024-01-20,MC-6,B,83,78,12.49
2024-01-20,MC-4,A,103,100,13.36
2024-01-20,MC-2,B,88,92,13.2
2024-01-20,MC-7,B,88,86,15.42
2024-01-20,MC-1,A,109,102,18.57
2024-01-20,MC-3,D,42,33,5.9
2024-01-21,MC-2,A,108,107,14.41
2024-01-21,MC-6,D,46,49,8.71
2024-01-21,MC-4,C,73,75,9.46
2024-01-21,MC-5,E,35,26,4.27
2024-01-21,MC-1,D,45,42,7.76
2024-01-21,MC-7,D,45,40,5.97
2024-01-22,MC-1,B,102,99,18.57
2024-01-22,MC-6,C,77,65,9.32
2024-01-22,MC-2,B,101,99,17.62
2024-01-22,MC-7,B,98,88,13.83
2024-01-22,MC-5,E,22,17,3.39
2024-01-22,MC-4,C,74,67,12.31
2024-01-23,MC-6,A,126,120,19.34
2024-01-23,MC-5,B,66,65,9.28
2024-01-23,MC-2,D,47,43,7.21
2024-01-23,MC-1,A,123,118,20.24
2024-01-23,MC-3,C,87,84,15.51
2024-01-23,MC-4,A,124,120,23.22
2024-01-23,MC-7,C,92,88,16.95
2024-01-24,MC-6,B,84,74,10.46
2024-01-24,MC-1,A,132,128,18.66
2024-01-24,MC-4,A,131,124,23.59
2024-01-24,MC-3,D,43,44,7.31
2024-01-24,MC-5,D,44,45,8.79
2024-01-24,MC-7,D,44,44,7.22
2024-01-24,MC-2,C,74,66,8.51
2024-01-25,MC-6,E,21,13,2.19
2024-01-25,MC-1,B,105,99,12.91
2024-01-25,MC-3,B,106,100,13.61
2024-01-25,MC-7,A,108,114,16.09
2024-01-25,MC-5,C,55,55,9.62
2024-01-25,MC-2,C,58,63,8.92
2024-01-25,MC-4,A,108,108,15.63
2024-01-26,MC-1,B,80,83,15.31
2024-01-26,MC-5,B,81,75,10.94
2024-01-26,MC-6,D,53,46,9.12
2024-01-26,MC-4,A,109,90,10.99
2024-01-26,MC-7,A,108,100,15.68
2024-01-26,MC-2,B,79,81,11.59
2024-01-26,MC-3,B,78,79,10.71
2024-01-27,MC-7,D,43,41,5.7
2024-01-27,MC-4,D,46,37,5.61
2024-01-27,MC-3,C,57,56,8.41
2024-01-27,MC-2,E,23,9,1.58
2024-01-27,MC-1,B,96,90,11.03
2024-01-27,MC-6,C,55,57,7.74
2024-01-28,MC-1,D,66,70,12.95
2024-01-28,MC-3,C,52,48,8.91
2024-01-28,MC-5,E,42,40,7.23
2024-01-28,MC-2,E,45,45,6.04
2024-01-28,MC-4,D,65,60,7.6
2024-01-28,MC-6,A,105,102,17.31
2024-01-28,MC-7,D,64,63,8.16
2024-01-29,MC-5,E,46,39,5.99
2024-01-29,MC-2,C,66,56,9.18
2024-01-29,MC-4,D,52,58,8.82
2024-01-29,MC-7,B,83,77,9.68
2024-01-29,MC-1,B,90,90,13.63
2024-01-29,MC-3,D,53,50,9.14
2024-01-30,MC-6,A,137,117,16.45
2024-01-30,MC-7,D,56,52,8.02
2024-01-30,MC-5,C,71,70,11.04
2024-01-30,MC-1,B,104,103,12.86
2024-01-30,MC-2,B,98,94,13.63
2024-01-30,MC-3,C,71,69,12.9
2024-01-30,MC-4,B,103,93,15.27
2024-01-31,MC-4,E,41,34,4.57
2024-01-31,MC-3,A,124,111,16.62
2024-01-31,MC-5,E,41,39,7.48
2024-01-31,MC-1,D,55,54,6.62
2024-01-31,MC-6,D,55,53,9.25
2024-01-31,MC-7,A,120,108,15.12
2024-01-31,MC-2,D,52,58,11.41
2024-02-01,MC-6,A,109,105,13.92
2024-02-01,MC-5,D,65,58,11.04
2024-02-01,MC-3,B,64,49,8.11
2024-02-01,MC-7,B,66,62,8.0
2024-02-01,MC-2,D,64,61,7.87
2024-02-01,MC-1,A,102,100,17.72
2024-02-01,MC-4,A,105,103,12.89
2024-02-02,MC-6,E,40,37,7.01
2024-02-02,MC-3,C,65,61,8.77
2024-02-02,MC-7,C,64,57,7.17
2024-02-02,MC-4,B,86,74,13.63
2024-02-02,MC-5,B,85,83,13.25
2024-02-02,MC-2,B,88,90,13.13
2024-02-03,MC-6,E,47,43,7.19
2024-02-03,MC-5,A,112,108,14.49
2024-02-03,MC-3,A,111,95,18.27
2024-02-03,MC-1,D,55,50,6.1
2024-02-03,MC-2,A,109,104,20.68
2024-02-04,MC-2,D,62,53,9.75
2024-02-04,MC-6,E,38,38,5.6
2024-02-04,MC-4,D,60,56,8.78
2024-02-04,MC-5,C,71,75,9.06
2024-02-04,MC-3,E,35,32,4.64
2024-02-05,MC-3,A,93,88,12.0
2024-02-05,MC-6,B,88,86,10.58
2024-02-05,MC-4,A,96,94,15.7
2024-02-05,MC-7,A,94,91,11.22
2024-02-05,MC-1,B,83,79,10.95
2024-02-05,MC-5,A,94,85,16.55
2024-02-05,MC-2,B,84,75,10.48
2024-02-06,MC-6,A,117,112,20.93
2024-02-06,MC-2,C,65,61,10.13
2024-02-06,MC-7,D,50,46,5.57
2024-02-06,MC-4,B,97,81,15.3
2024-02-06,MC-3,D,48,44,8.41
2024-02-06,MC-1,D,47,43,5.27
2024-02-07,MC-1,D,67,64,9.91
2024-02-07,MC-2,A,102,96,12.61
2024-02-07,MC-6,D,66,66,10.52
2024-02-07,MC-4,E,60,54,6.98
2024-02-07,MC-5,B,89,84,15.19
2024-02-08,MC-3,A,110,102,12.73
2024-02-08,MC-5,A,111,100,17.34
2024-02-08,MC-4,D,59,58,9.22
2024-02-08,MC-1,D,59,57,10.04
2024-02-08,MC-2,D,62,62,11.58
2024-02-09,MC-5,D,43,43,8.23
2024-02-09,MC-7,E,52,51,7.47
2024-02-09,MC-6,E,53,50,8.43
2024-02-09,MC-3,E,51,59,9.78
2024-02-09,MC-1,D,46,49,8.8
2024-02-09,MC-2,B,104,96,11.52
2024-02-09,MC-4,A,105,91,14.72
2024-02-10,MC-1,D,65,58,8.51
2024-02-10,MC-4,D,65,66,13.13
2024-02-10,MC-5,A,109,101,19.94
2024-02-10,MC-3,D,65,62,11.45
2024-02-10,MC-6,E,56,49,8.8
2024-02-10,MC-7,C,68,59,11.16
2024-02-10,MC-2,D,65,62,10.16
2024-02-11,MC-4,C,50,40,5.15
2024-02-11,MC-1,D,45,47,8.89
2024-02-11,MC-2,B,107,110,19.87
2024-02-11,MC-3,E,48,48,8.67
2024-02-11,MC-7,B,112,107,15.94
2024-02-11,MC-6,E,46,41,5.84
2024-02-11,MC-5,C,48,49,9.66
2024-02-12,MC-7,C,81,71,9.52
2024-02-12,MC-6,D,62,48,6.69
2024-02-12,MC-4,B,112,111,20.75
2024-02-12,MC-2,E,25,27,3.85
2024-02-12,MC-5,B,108,105,15.9
2024-02-12,MC-3,C,81,68,10.73
2024-02-12,MC-1,A,140,134,16.56
2024-02-13,MC-4,D,60,50,7.89
2024-02-13,MC-2,D,62,61,8.09
2024-02-13,MC-6,C,89,81,11.65
2024-02-13,MC-5,B,101,101,17.61
2024-02-13,MC-1,B,101,111,21.21
2024-02-13,MC-7,E,38,41,6.37
2024-02-13,MC-3,A,139,137,21.17
2024-02-14,MC-3,E,42,34,4.39
2024-02-14,MC-7,A,139,122,22.3
2024-02-14,MC-6,A,142,132,25.21
2024-02-14,MC-2,C,94,81,13.51
2024-02-14,MC-1,D,64,62,7.77
2024-02-15,MC-5,C,60,66,11.13
2024-02-15,MC-2,C,60,61,11.39
2024-02-15,MC-1,C,61,70,8.68
2024-02-15,MC-6,A,115,109,21.3
2024-02-15,MC-4,E,62,50,8.26
2024-02-16,MC-2,D,54,64,12.34
2024-02-16,MC-6,D,55,53,7.68
2024-02-16,MC-5,A,130,121,20.77
2024-02-16,MC-1,A,126,114,22.75
2024-02-16,MC-3,E,48,49,6.1
2024-02-16,MC-4,E,48,50,6.91
2024-02-17,MC-7,A,114,117,14.75
2024-02-17,MC-5,B,105,92,18.16
2024-02-17,MC-1,C,58,61,9.41
2024-02-17,MC-6,B,99,97,19.25
2024-02-17,MC-4,C,62,57,8.48
2024-02-18,MC-4,B,96,86,15.24
2024-02-18,MC-5,A,126,119,23.15
2024-02-18,MC-7,B,97,106,15.29
2024-02-18,MC-1,D,53,50,7.76
2024-02-18,MC-6,D,54,51,7.5
2024-02-18,MC-2,A,124,113,15.69
2024-02-18,MC-3,B,93,91,11.07
2024-02-19,MC-3,C,74,70,12.81
2024-02-19,MC-7,D,78,77,15.13
2024-02-19,MC-5,C,73,67,9.85
2024-02-19,MC-2,B,90,88,16.12
2024-02-19,MC-1,B,88,84,13.66
2024-02-19,MC-4,E,46,49,9.05
2024-02-20,MC-7,D,49,41,7.04
2024-02-20,MC-2,E,50,43,7.96
2024-02-20,MC-6,C,65,57,8.32
2024-02-20,MC-4,A,99,108,16.55
2024-02-20,MC-5,D,50,47,6.92
2024-02-20,MC-3,B,96,88,13.15
2024-02-21,MC-6,C,82,76,14.68
2024-02-21,MC-5,D,55,50,7.72
2024-02-21,MC-1,B,103,88,14.75
2024-02-21,MC-7,D,60,58,7.88
2024-02-21,MC-2,A,123,120,23.4
2024-02-22,MC-7,D,57,55,9.45
2024-02-22,MC-1,D,61,57,8.44
2024-02-22,MC-2,E,55,55,8.12
2024-02-22,MC-6,C,60,60,7.28
2024-02-22,MC-3,C,60,55,6.64
2024-02-22,MC-5,C,63,58,11.52
2024-02-23,MC-7,D,50,52,7.74
2024-02-23,MC-3,D,51,48,7.2
2024-02-23,MC-5,B,103,90,13.91
2024-02-23,MC-2,E,62,63,11.37
2024-02-23,MC-6,E,64,59,9.58
2024-02-24,MC-6,A,127,109,18.31
2024-02-24,MC-4,E,52,48,5.92
2024-02-24,MC-3,C,60,57,6.92
2024-02-24,MC-7,D,54,44,6.73
2024-02-24,MC-1,B,85,82,16.23
2024-02-24,MC-2,E,50,56,8.65
2024-02-24,MC-5,E,52,53,10.16
2024-02-25,MC-2,B,99,95,13.85
2024-02-25,MC-1,A,132,128,23.33
2024-02-25,MC-5,A,131,123,21.93
2024-02-25,MC-3,E,30,30,4.22
2024-02-25,MC-4,E,30,39,5.52
2024-02-25,MC-7,C,69,66,11.07
2024-02-26,MC-7,A,145,137,19.73
2024-02-26,MC-3,C,80,81,14.28
2024-02-26,MC-4,C,80,67,8.88
2024-02-26,MC-1,E,49,41,8.0
2024-02-26,MC-6,C,81,78,14.64
2024-02-27,MC-1,E,46,45,8.23
2024-02-27,MC-6,A,113,118,16.48
2024-02-27,MC-7,D,61,59,11.03
2024-02-27,MC-4,C,64,55,9.81
2024-02-27,MC-2,B,74,68,11.25
2024-02-28,MC-5,E,31,26,3.29
2024-02-28,MC-7,B,122,117,19.12
2024-02-28,MC-6,D,56,54,8.13
2024-02-28,MC-2,E,32,29,4.66
2024-02-28,MC-4,B,129,111,14.18
2024-02-28,MC-3,A,118,105,13.63
2024-02-28,MC-1,C,97,101,17.07
2024-02-29,MC-5,D,57,47,7.03
2024-02-29,MC-2,A,125,115,21.89
2024-02-29,MC-3,A,123,117,18.63
2024-02-29,MC-4,A,128,126,22.37
2024-02-29,MC-1,D,56,51,9.33
2024-02-29,MC-7,B,98,103,15.98
2024-02-29,MC-6,D,59,58,11.42
2024-03-01,MC-4,E,50,43,6.57
2024-03-01,MC-1,E,50,45,6.78
2024-03-01,MC-3,D,66,64,11.56
2024-03-01,MC-7,C,77,72,11.62
2024-03-01,MC-5,E,51,41,5.44
2024-03-02,MC-6,B,85,77,15.18
2024-03-02,MC-4,B,90,86,15.93
2024-03-02,MC-7,E,64,68,12.31
2024-03-02,MC-5,B,88,95,18.97
2024-03-02,MC-3,D,35,35,4.71
2024-03-02,MC-2,D,37,39,4.83
2024-03-03,MC-6,B,97,96,15.69
2024-03-03,MC-5,D,50,54,7.18
2024-03-03,MC-7,D,48,41,6.12
2024-03-03,MC-1,A,128,121,20.83
2024-03-03,MC-3,B,93,95,16.16
2024-03-04,MC-3,E,44,50,8.74
2024-03-04,MC-1,C,66,57,9.36
2024-03-04,MC-5,A,119,119,17.58
2024-03-04,MC-4,E,44,33,4.09
2024-03-04,MC-6,B,93,84,10.41
2024-03-04,MC-7,A,123,112,20.74
2024-03-04,MC-2,C,63,75,11.95
2024-03-05,MC-3,B,122,113,16.02
2024-03-05,MC-7,E,50,43,6.52
2024-03-05,MC-6,D,53,51,6.43
2024-03-05,MC-4,A,130,121,22.7
2024-03-05,MC-1,C,95,94,18.62
2024-03-05,MC-5,C,99,90,11.02
2024-03-06,MC-2,E,48,40,7.81
2024-03-06,MC-6,C,67,63,8.65
2024-03-06,MC-4,A,103,100,13.17
2024-03-06,MC-1,A,111,104,17.7
2024-03-06,MC-5,D,57,53,7.84
2024-03-07,MC-5,D,38,29,4.91
2024-03-07,MC-3,E,37,42,6.37
2024-03-07,MC-7,B,117,108,15.53
2024-03-07,MC-4,B,114,104,16.57
2024-03-07,MC-2,E,39,33,6.03
2024-03-07,MC-6,D,39,40,6.34
2024-03-08,MC-6,D,75,69,12.36
2024-03-08,MC-4,B,89,82,16.23
2024-03-08,MC-2,D,75,66,10.52
2024-03-08,MC-3,C,53,58,11.26
2024-03-08,MC-1,E,57,50,7.26
2024-03-08,MC-5,A,130,116,21.0
2024-03-09,MC-4,E,33,33,5.49
2024-03-09,MC-6,A,122,120,20.53
2024-03-09,MC-3,E,34,49,9.15
2024-03-09,MC-1,A,128,121,23.28
2024-03-09,MC-7,B,124,123,23.05
2024-03-09,MC-5,E,31,22,2.96
2024-03-09,MC-2,E,33,31,5.41
2024-03-10,MC-7,E,38,28,5.37
2024-03-10,MC-1,B,99,94,17.32
2024-03-10,MC-5,A,140,126,17.55
2024-03-10,MC-2,C,67,70,11.48
2024-03-10,MC-4,B,97,97,18.69
2024-03-10,MC-6,B,98,85,10.7
2024-03-10,MC-3,E,38,26,4.34
2024-03-11,MC-1,D,67,61,12.05
2024-03-11,MC-5,A,110,103,13.57
2024-03-11,MC-6,C,92,93,17.32
2024-03-11,MC-3,D,70,71,14.01
2024-03-11,MC-2,B,86,83,14.49
2024-03-11,MC-7,D,69,69,10.34
2024-03-12,MC-7,A,134,118,19.09
2024-03-12,MC-5,A,136,124,20.11
2024-03-12,MC-3,A,129,113,18.87
2024-03-12,MC-4,E,60,54,8.86
2024-03-12,MC-2,B,93,89,15.82
2024-03-13,MC-2,D,56,55,9.56
2024-03-13,MC-7,B,91,92,15.7
2024-03-13,MC-3,A,126,127,21.97
2024-03-13,MC-1,E,31,29,5.12
2024-03-13,MC-4,C,89,86,10.56
2024-03-13,MC-6,B,98,81,11.46
2024-03-14,MC-6,C,83,75,12.8
2024-03-14,MC-1,B,113,108,18.75
2024-03-14,MC-3,D,63,51,9.6
2024-03-14,MC-4,C,83,79,10.92
2024-03-14,MC-7,C,81,72,13.32
2024-03-15,MC-7,D,66,51,10.09
2024-03-15,MC-1,E,40,43,5.95
2024-03-15,MC-6,E,41,44,5.52
2024-03-15,MC-2,D,64,69,13.04
2024-03-15,MC-5,A,130,108,18.85
2024-03-15,MC-3,C,61,53,6.62
2024-03-16,MC-3,D,69,63,12.31
2024-03-16,MC-4,A,118,108,17.18
2024-03-16,MC-5,D,66,56,10.01
2024-03-16,MC-6,B,106,102,19.79
2024-03-16,MC-1,A,118,101,13.44
2024-03-17,MC-5,C,90,87,13.59
2024-03-17,MC-7,E,41,38,6.78
2024-03-17,MC-1,D,54,55,8.71
2024-03-17,MC-2,D,55,49,9.64
2024-03-17,MC-3,A,104,97,19.18
2024-03-17,MC-6,E,44,39,7.46
2024-03-18,MC-7,E,52,47,8.52
2024-03-18,MC-2,D,71,71,11.55
2024-03-18,MC-3,E,49,52,8.21
2024-03-18,MC-6,D,69,69,9.19
2024-03-18,MC-1,A,113,105,20.19
2024-03-19,MC-7,B,95,88,17.28
2024-03-19,MC-4,A,118,115,13.87
2024-03-19,MC-5,A,112,103,16.88
2024-03-19,MC-3,D,62,54,7.85
2024-03-19,MC-6,C,62,56,10.36
2024-03-20,MC-3,A,115,115,17.93
2024-03-20,MC-6,B,111,99,19.27
2024-03-20,MC-4,E,53,47,8.64
2024-03-20,MC-7,E,53,45,7.95
2024-03-20,MC-5,A,115,105,15.1
2024-03-20,MC-1,C,82,70,13.18
2024-03-20,MC-2,A,116,117,17.08
2024-03-21,MC-6,E,71,71,11.27
2024-03-21,MC-1,E,73,64,8.4
2024-03-21,MC-2,C,82,94,12.9
2024-03-21,MC-3,C,80,79,13.1
2024-03-21,MC-5,C,79,72,11.94
2024-03-21,MC-7,D,64,59,7.23
2024-03-22,MC-2,E,35,35,6.22
2024-03-22,MC-6,C,52,47,8.17
2024-03-22,MC-3,A,146,133,21.77
2024-03-22,MC-5,B,108,111,20.87
2024-03-22,MC-1,A,140,125,20.7
2024-03-22,MC-7,E,34,36,5.4
2024-03-23,MC-1,D,47,57,7.31
2024-03-23,MC-7,E,36,31,5.66
2024-03-23,MC-2,A,129,122,15.51
2024-03-23,MC-4,A,128,127,18.29
2024-03-23,MC-3,E,36,31,4.55
2024-03-23,MC-5,A,121,122,22.93
2024-03-24,MC-4,B,89,83,14.78
2024-03-24,MC-6,A,133,128,23.85
2024-03-24,MC-1,A,131,130,22.37
2024-03-24,MC-3,D,57,50,7.16
2024-03-24,MC-2,C,50,47,6.28
2024-03-24,MC-7,B,90,77,12.77
2024-03-24,MC-5,D,56,58,10.53
2024-03-25,MC-2,C,79,74,10.32
2024-03-25,MC-6,B,121,129,23.75
2024-03-25,MC-1,A,138,136,26.75
2024-03-25,MC-3,E,58,58,10.36
2024-03-25,MC-4,C,79,78,10.28
2024-03-26,MC-2,E,40,34,6.34
2024-03-26,MC-7,B,102,104,14.93
2024-03-26,MC-4,A,133,132,25.33
2024-03-26,MC-3,B,105,102,20.17
2024-03-26,MC-1,D,72,59,7.1
2024-03-26,MC-6,A,129,114,20.24
2024-03-26,MC-5,C,63,61,12.08
2024-03-27,MC-5,E,45,45,6.5
2024-03-27,MC-4,B,79,75,11.11
2024-03-27,MC-2,A,126,110,16.76
2024-03-27,MC-7,B,78,74,12.23
2024-03-27,MC-3,C,74,68,10.24
2024-03-27,MC-1,E,43,26,4.66
2024-03-27,MC-6,B,83,87,11.44
2024-03-28,MC-6,A,105,90,11.75
2024-03-28,MC-3,D,73,77,11.43
2024-03-28,MC-2,A,100,96,18.98
2024-03-28,MC-1,C,81,81,14.89
2024-03-28,MC-7,D,71,73,13.02
2024-03-28,MC-5,D,73,78,13.5
2024-03-28,MC-4,C,82,77,11.17
2024-03-29,MC-6,E,43,36,6.07
2024-03-29,MC-5,A,122,121,18.65
2024-03-29,MC-4,B,85,75,13.69
2024-03-29,MC-7,A,123,125,22.6
2024-03-29,MC-2,C,76,77,11.62
2024-03-30,MC-5,C,61,58,8.44
2024-03-30,MC-4,A,135,119,22.43
2024-03-30,MC-3,E,44,38,6.13
2024-03-30,MC-1,A,139,119,16.39
2024-03-30,MC-2,B,107,106,15.47
2024-03-30,MC-6,D,69,64,8.87
2024-03-31,MC-2,A,139,139,19.39
2024-03-31,MC-7,A,141,133,22.44
2024-03-31,MC-6,A,141,145,22.43
2024-03-31,MC-3,D,39,38,4.83
2024-03-31,MC-5,D,40,38,4.56
2024-04-01,MC-5,A,106,99,16.6
2024-04-01,MC-6,D,50,56,8.95
2024-04-01,MC-3,B,107,106,16.12
2024-04-01,MC-7,C,79,69,11.06
2024-04-01,MC-1,A,111,106,15.01
2024-04-02,MC-5,E,40,40,5.34
2024-04-02,MC-2,A,161,155,30.87
2024-04-02,MC-1,A,149,142,26.04
2024-04-02,MC-4,A,152,149,25.74
2024-04-02,MC-7,A,155,146,26.64
2024-04-02,MC-6,D,70,69,9.14
2024-04-03,MC-7,A,107,95,17.52
2024-04-03,MC-6,C,67,60,8.28
2024-04-03,MC-1,E,60,49,6.68
2024-04-03,MC-2,D,63,59,10.3
2024-04-03,MC-5,A,107,103,20.32
2024-04-03,MC-4,A,107,92,16.6
2024-04-04,MC-1,E,55,58,9.85
2024-04-04,MC-5,D,62,57,7.91
2024-04-04,MC-7,B,87,87,13.28
2024-04-04,MC-3,E,59,57,9.75
2024-04-04,MC-2,E,55,59,7.39
2024-04-04,MC-4,A,127,128,22.24
2024-04-04,MC-6,D,61,57,7.95
2024-04-05,MC-4,D,49,39,5.4
2024-04-05,MC-7,E,45,32,5.21
2024-04-05,MC-5,C,68,70,9.4
2024-04-05,MC-1,E,46,44,5.8
2024-04-05,MC-2,B,102,101,14.37
2024-04-05,MC-6,A,148,145,18.35
2024-04-06,MC-1,B,87,82,13.82
2024-04-06,MC-5,E,54,63,12.08
2024-04-06,MC-7,C,67,63,8.1
2024-04-06,MC-2,C,67,59,11.72
2024-04-06,MC-3,D,55,43,5.5
2024-04-07,MC-6,A,136,128,16.02
2024-04-07,MC-5,A,137,128,17.72
2024-04-07,MC-4,B,112,113,17.37
2024-04-07,MC-2,C,69,65,9.71
2024-04-07,MC-1,E,76,59,8.7
2024-04-07,MC-3,D,48,42,8.03
2024-04-08,MC-6,E,71,69,12.14
2024-04-08,MC-3,C,56,56,8.07
2024-04-08,MC-7,C,58,55,8.71
2024-04-08,MC-2,C,58,46,8.96
2024-04-08,MC-1,A,126,124,19.89
2024-04-08,MC-4,E,71,69,12.99
2024-04-08,MC-5,E,68,64,11.11
2024-04-09,MC-6,C,88,81,13.23
2024-04-09,MC-2,B,114,118,18.03
2024-04-09,MC-1,B,113,110,18.08
2024-04-09,MC-7,B,112,111,19.03
2024-04-09,MC-3,A,144,141,27.14
2024-04-09,MC-5,C,88,86,13.89
2024-04-09,MC-4,B,112,109,21.74
2024-04-10,MC-4,D,43,41,7.73
2024-04-10,MC-6,C,48,52,6.69
2024-04-10,MC-7,B,108,104,15.44
2024-04-10,MC-3,A,129,126,24.8
2024-04-10,MC-5,D,44,38,6.78
2024-04-10,MC-2,A,135,130,24.95
2024-04-10,MC-1,D,45,39,6.11
2024-04-11,MC-1,E,36,33,4.11
2024-04-11,MC-6,B,75,61,7.84
2024-04-11,MC-2,B,79,73,10.31
2024-04-11,MC-5,D,63,67,9.49
2024-04-11,MC-4,C,88,74,9.82
2024-04-12,MC-4,A,130,125,23.38
2024-04-12,MC-2,C,69,63,10.88
2024-04-12,MC-7,A,123,116,14.61
2024-04-12,MC-6,E,54,49,7.62
2024-04-12,MC-1,A,122,110,19.49
2024-04-12,MC-5,B,90,91,15.03
2024-04-12,MC-3,C,70,64,12.54
2024-04-13,MC-2,B,114,106,16.69
2024-04-13,MC-6,B,111,110,19.77
2024-04-13,MC-5,C,58,56,9.59
2024-04-13,MC-3,B,109,109,15.51
2024-04-13,MC-1,B,110,102,13.1
2024-04-13,MC-4,C,60,60,8.87
2024-04-14,MC-2,B,101,91,12.66
2024-04-14,MC-3,C,73,74,9.24
2024-04-14,MC-5,A,129,112,21.63
2024-04-14,MC-7,A,124,112,17.98
2024-04-14,MC-1,B,97,94,15.56
2024-04-14,MC-6,D,56,51,8.45
2024-04-14,MC-4,A,125,122,15.47
2024-04-15,MC-2,B,114,113,19.94
2024-04-15,MC-3,E,54,51,10.07
2024-04-15,MC-4,E,54,58,8.27
2024-04-15,MC-7,D,62,65,9.67
2024-04-15,MC-5,A,132,128,21.93
2024-04-15,MC-6,A,142,137,17.67
2024-04-16,MC-2,C,64,64,11.45
2024-04-16,MC-7,C,62,60,7.68
2024-04-16,MC-6,E,40,39,5.58
2024-04-16,MC-4,D,68,69,10.08
2024-04-16,MC-3,B,88,83,11.2
2024-04-17,MC-7,C,81,81,15.75
2024-04-17,MC-5,B,98,100,15.84
2024-04-17,MC-6,C,79,76,12.04
2024-04-17,MC-2,B,102,93,13.64
2024-04-17,MC-3,A,114,116,14.13
2024-04-18,MC-7,E,26,23,4.58
2024-04-18,MC-3,A,151,137,20.49
2024-04-18,MC-2,B,112,94,12.17
2024-04-18,MC-4,E,25,32,5.41
2024-04-18,MC-1,D,64,64,9.47
2024-04-18,MC-6,E,26,26,3.77
2024-04-18,MC-5,C,55,59,10.42
2024-04-19,MC-5,E,45,39,5.26
2024-04-19,MC-4,D,58,62,7.83
2024-04-19,MC-2,D,56,48,5.83
2024-04-19,MC-3,D,54,51,7.11
2024-04-19,MC-6,C,82,76,11.96
2024-04-19,MC-7,E,43,52,7.57
2024-04-20,MC-6,D,67,61,11.92
2024-04-20,MC-5,B,92,84,11.48
2024-04-20,MC-1,D,67,65,9.19
2024-04-20,MC-2,B,97,88,14.83
2024-04-20,MC-7,C,52,48,8.17
2024-04-20,MC-3,D,68,59,10.27
2024-04-21,MC-5,B,95,89,15.77
2024-04-21,MC-2,A,139,134,18.59
2024-04-21,MC-3,C,72,58,9.15
2024-04-21,MC-7,D,60,54,9.89
2024-04-21,MC-4,E,51,47,5.68
2024-04-21,MC-1,C,77,61,9.06
2024-04-22,MC-5,D,53,49,9.77
2024-04-22,MC-1,D,52,58,8.85
2024-04-22,MC-4,D,51,53,7.07
2024-04-22,MC-3,D,50,44,7.09
2024-04-22,MC-2,C,57,49,9.63
2024-04-23,MC-3,B,106,101,14.04
2024-04-23,MC-7,C,82,85,13.05
2024-04-23,MC-4,A,120,128,17.3
2024-04-23,MC-1,C,84,76,12.32
2024-04-23,MC-5,A,126,129,25.19
2024-04-23,MC-2,C,85,72,12.56
2024-04-24,MC-5,A,92,78,9.72
2024-04-24,MC-7,C,91,91,11.07
2024-04-24,MC-1,A,95,87,14.47
2024-04-24,MC-3,E,31,18,2.19
2024-04-24,MC-6,B,98,96,14.36
2024-04-24,MC-4,C,94,85,16.2
2024-04-24,MC-2,B,93,102,15.24
2024-04-25,MC-3,A,121,114,14.13
2024-04-25,MC-7,C,89,88,14.59
2024-04-25,MC-6,C,87,93,17.01
2024-04-25,MC-5,C,91,79,13.39
2024-04-25,MC-1,D,57,60,8.67
2024-04-25,MC-4,D,56,45,8.14
2024-04-25,MC-2,E,54,46,6.88
2024-04-26,MC-1,B,126,125,15.77
2024-04-26,MC-4,D,71,64,7.73
2024-04-26,MC-5,B,121,120,22.49
2024-04-26,MC-2,E,31,30,3.96
2024-04-26,MC-6,E,30,29,4.73
2024-04-26,MC-7,E,31,28,3.77
2024-04-26,MC-3,D,67,59,10.5
2024-04-27,MC-7,D,66,63,9.98
2024-04-27,MC-4,B,113,114,13.85
2024-04-27,MC-3,D,68,64,10.86
2024-04-27,MC-1,D,69,71,12.19
2024-04-27,MC-2,E,71,70,12.41
2024-04-27,MC-6,A,136,128,21.28
2024-04-27,MC-5,C,86,82,16.34
2024-04-28,MC-5,C,87,86,13.94
2024-04-28,MC-2,C,87,79,9.87
2024-04-28,MC-3,B,87,84,13.12
2024-04-28,MC-1,D,68,68,12.03
2024-04-28,MC-6,D,67,59,10.9
2024-04-29,MC-7,B,79,79,13.91
2024-04-29,MC-4,B,77,79,12.32
2024-04-29,MC-5,C,81,80,13.91
2024-04-29,MC-3,E,31,29,5.39
2024-04-29,MC-2,E,31,26,4.51
2024-04-29,MC-1,E,31,22,2.78
2024-04-29,MC-6,E,31,20,4.0
2024-04-30,MC-4,B,116,116,19.95
2024-04-30,MC-2,D,67,60,11.7
2024-04-30,MC-7,A,120,110,13.7
2024-04-30,MC-1,C,87,88,13.85
2024-04-30,MC-3,E,58,56,8.46
2024-04-30,MC-6,D,63,65,8.38
2024-05-01,MC-3,E,59,54,8.84
2024-05-01,MC-1,D,45,36,7.06
2024-05-01,MC-2,A,120,108,14.15
2024-05-01,MC-6,B,87,77,13.08
2024-05-01,MC-7,B,88,76,12.2
2024-05-01,MC-4,A,118,105,16.97
2024-05-01,MC-5,D,44,44,7.83
2024-05-02,MC-2,C,98,96,18.99
2024-05-02,MC-7,E,39,31,5.42
2024-05-02,MC-3,A,156,145,25.79
2024-05-02,MC-1,B,78,74,11.05
2024-05-02,MC-6,C,97,82,15.63
2024-05-02,MC-4,D,57,49,8.73
2024-05-03,MC-2,D,50,39,5.85
2024-05-03,MC-1,B,105,105,18.76
2024-05-03,MC-7,B,107,106,14.13
2024-05-03,MC-4,B,101,100,17.37
2024-05-03,MC-5,C,78,73,13.33
2024-05-03,MC-6,D,52,49,6.67
2024-05-04,MC-6,C,77,76,14.74
2024-05-04,MC-4,B,102,88,15.21
2024-05-04,MC-2,A,102,93,11.96
2024-05-04,MC-3,B,101,89,11.15
2024-05-04,MC-7,D,72,64,12.36
2024-05-04,MC-1,A,103,95,15.77
2024-05-04,MC-5,D,70,64,11.56
2024-05-05,MC-7,D,40,39,7.77
2024-05-05,MC-2,E,52,51,7.43
2024-05-05,MC-5,A,119,122,17.4
2024-05-05,MC-3,A,115,105,17.42
2024-05-05,MC-4,C,79,70,8.96
2024-05-05,MC-6,D,40,38,6.6
2024-05-05,MC-1,C,80,78,13.94
2024-05-06,MC-7,B,92,83,11.48
2024-05-06,MC-6,B,87,79,10.14
2024-05-06,MC-3,E,35,38,5.07
2024-05-06,MC-4,D,54,41,4.99
2024-05-06,MC-5,D,54,55,9.5
2024-05-06,MC-1,D,54,50,6.69
2024-05-06,MC-2,B,86,81,12.72
2024-05-07,MC-5,E,36,30,5.44
2024-05-07,MC-1,C,62,54,7.78
2024-05-07,MC-4,A,120,126,21.76
2024-05-07,MC-6,B,101,93,15.94
2024-05-07,MC-7,D,27,31,5.42
2024-05-07,MC-3,D,29,29,4.28
2024-05-07,MC-2,E,33,31,5.84
2024-05-08,MC-3,D,38,30,5.94
2024-05-08,MC-1,B,112,101,15.12
2024-05-08,MC-6,C,63,65,11.23
2024-05-08,MC-7,B,104,105,17.94
2024-05-08,MC-2,E,49,41,7.77
2024-05-09,MC-4,C,92,97,15.36
2024-05-09,MC-1,D,73,68,12.83
2024-05-09,MC-6,B,70,60,8.34
2024-05-09,MC-7,D,76,76,10.57
2024-05-09,MC-2,A,96,83,10.65
2024-05-10,MC-3,D,61,61,9.76
2024-05-10,MC-1,D,59,57,10.34
2024-05-10,MC-2,D,58,53,8.67
2024-05-10,MC-7,A,138,133,21.33
2024-05-10,MC-4,A,141,140,25.52
2024-05-11,MC-6,B,98,93,16.91
2024-05-11,MC-2,A,117,104,17.7
2024-05-11,MC-4,E,50,43,6.27
2024-05-11,MC-7,A,109,106,15.43
2024-05-11,MC-5,B,93,98,16.75
2024-05-11,MC-3,C,60,59,11.75
2024-05-11,MC-1,A,116,117,14.59
2024-05-12,MC-6,B,107,113,18.39
2024-05-12,MC-4,D,71,67,11.99
2024-05-12,MC-2,C,75,68,13.36
2024-05-12,MC-1,B,107,102,15.3
2024-05-12,MC-3,B,108,101,12.2
2024-05-12,MC-7,A,99,94,11.7
2024-05-12,MC-5,E,49,49,9.18
2024-05-13,MC-4,C,80,79,15.48
2024-05-13,MC-6,D,78,76,14.65
2024-05-13,MC-1,A,113,107,17.95
2024-05-13,MC-5,E,42,39,5.91
2024-05-13,MC-2,A,117,104,20.31
2024-05-14,MC-7,B,88,77,13.96
2024-05-14,MC-4,B,88,85,13.28
2024-05-14,MC-2,A,120,105,13.89
2024-05-14,MC-5,A,122,109,15.95
2024-05-14,MC-6,D,76,72,11.23
2024-05-15,MC-1,A,117,109,20.68
2024-05-15,MC-3,B,89,83,14.35
2024-05-15,MC-2,B,92,88,14.9
2024-05-15,MC-7,A,116,107,19.78
2024-05-15,MC-4,D,46,35,5.65
2024-05-16,MC-1,D,37,31,4.79
2024-05-16,MC-3,A,130,116,19.56
2024-05-16,MC-6,B,83,80,15.94
2024-05-16,MC-2,B,85,72,9.71
2024-05-16,MC-5,A,123,130,20.32
2024-05-16,MC-7,C,81,85,13.71
2024-05-16,MC-4,C,82,82,10.6
2024-05-17,MC-1,B,97,83,14.83
2024-05-17,MC-4,D,56,61,11.08
2024-05-17,MC-3,B,101,95,15.55
2024-05-17,MC-7,A,104,98,18.87
2024-05-17,MC-2,C,66,58,8.04
2024-05-18,MC-5,E,52,54,7.91
2024-05-18,MC-3,D,64,66,9.13
2024-05-18,MC-1,A,100,93,16.16
2024-05-18,MC-7,E,50,36,6.37
2024-05-18,MC-4,E,52,45,8.62
2024-05-18,MC-2,B,106,115,16.88
2024-05-18,MC-6,C,74,69,10.7
2024-05-19,MC-5,B,93,67,9.98
2024-05-19,MC-3,C,70,74,12.37
2024-05-19,MC-4,D,46,48,6.21
2024-05-19,MC-2,A,119,114,21.72
2024-05-19,MC-7,C,68,66,8.71
2024-05-20,MC-5,B,71,75,13.35
2024-05-20,MC-7,E,39,35,4.58
2024-05-20,MC-4,E,40,46,8.1
2024-05-20,MC-6,A,102,96,17.04
2024-05-20,MC-3,B,73,74,10.0
2024-05-21,MC-5,D,74,74,13.25
2024-05-21,MC-1,B,108,95,11.49
2024-05-21,MC-3,E,43,42,5.38
2024-05-21,MC-2,A,123,104,17.74
2024-05-21,MC-7,A,125,114,22.1
2024-05-22,MC-3,D,57,58,8.83
2024-05-22,MC-4,B,118,117,17.57
2024-05-22,MC-7,A,105,100,16.99
2024-05-22,MC-2,B,114,107,21.19
2024-05-22,MC-1,E,44,42,6.06
2024-05-23,MC-6,E,24,25,4.25
2024-05-23,MC-3,D,54,44,8.21
2024-05-23,MC-2,C,66,52,9.7
2024-05-23,MC-7,A,127,116,18.63
2024-05-23,MC-5,B,69,60,11.79
2024-05-23,MC-1,C,66,60,10.19
2024-05-24,MC-2,B,92,92,12.45
2024-05-24,MC-7,E,33,31,5.03
2024-05-24,MC-5,D,37,41,5.63
2024-05-24,MC-1,E,31,30,5.87
2024-05-24,MC-3,C,80,81,13.72
2024-05-24,MC-4,B,86,74,9.52
2024-05-25,MC-6,A,129,107,17.55
2024-05-25,MC-1,B,86,80,12.9
2024-05-25,MC-7,B,84,76,10.7
2024-05-25,MC-4,B,86,84,15.77
2024-05-25,MC-5,A,124,119,17.55
2024-05-25,MC-3,B,87,84,13.18
2024-05-26,MC-5,B,112,109,17.75
2024-05-26,MC-2,B,104,94,18.21
2024-05-26,MC-6,B,113,110,20.66
2024-05-26,MC-1,D,52,42,8.16
2024-05-26,MC-7,B,108,98,18.94
2024-05-26,MC-3,E,51,46,6.73
2024-05-26,MC-4,B,110,112,13.89
2024-05-27,MC-3,A,133,120,15.68
2024-05-27,MC-5,C,69,59,9.85
2024-05-27,MC-4,D,70,58,8.08
2024-05-27,MC-2,D,68,64,10.88
2024-05-27,MC-6,B,97,95,17.81
2024-05-27,MC-7,D,69,69,10.0
2024-05-28,MC-4,A,134,131,23.89
2024-05-28,MC-5,D,57,49,6.27
2024-05-28,MC-6,D,57,55,9.46
2024-05-28,MC-7,A,127,126,21.12
2024-05-28,MC-1,C,71,70,13.82
2024-05-28,MC-2,E,55,56,10.64
2024-05-29,MC-2,D,65,63,11.75
2024-05-29,MC-5,C,76,75,14.91
2024-05-29,MC-7,D,61,52,9.63
2024-05-29,MC-3,E,36,35,5.58
2024-05-29,MC-6,E,34,31,4.03
2024-05-29,MC-4,D,61,60,10.45
2024-05-29,MC-1,A,113,109,20.31
2024-05-30,MC-2,A,93,90,12.8
2024-05-30,MC-6,A,93,93,17.9
2024-05-30,MC-4,E,45,43,7.39
2024-05-30,MC-7,C,86,89,15.17
2024-05-30,MC-1,D,67,64,9.65
2024-05-30,MC-3,D,66,54,10.7
2024-05-31,MC-4,E,49,49,6.11
2024-05-31,MC-6,A,93,82,11.06
2024-05-31,MC-3,D,40,38,4.63
2024-05-31,MC-7,A,95,87,11.07
2024-05-31,MC-2,A,100,96,11.56
2024-05-31,MC-5,D,41,38,5.57
2024-06-01,MC-2,C,77,81,15.81
2024-06-01,MC-7,A,118,105,16.49
2024-06-01,MC-4,D,52,54,9.27
2024-06-01,MC-3,D,53,42,6.64
2024-06-01,MC-5,B,84,79,9.57
2024-06-01,MC-6,B,85,87,15.87
2024-06-01,MC-1,D,52,60,12.0
2024-06-02,MC-7,E,73,64,10.2
2024-06-02,MC-3,D,53,53,8.3
2024-06-02,MC-1,B,56,54,6.68
2024-06-02,MC-2,C,66,61,7.46
2024-06-02,MC-4,B,58,63,12.21
2024-06-03,MC-5,D,27,29,5.15
2024-06-03,MC-6,E,61,51,7.95
2024-06-03,MC-2,A,126,117,18.12
2024-06-03,MC-1,E,62,55,9.76
2024-06-03,MC-4,B,81,78,10.98
2024-06-03,MC-3,D,28,29,5.37
2024-06-03,MC-7,B,80,74,12.73
2024-06-04,MC-3,D,63,61,8.15
2024-06-04,MC-6,A,106,90,14.41
2024-06-04,MC-7,A,108,118,20.81
2024-06-04,MC-4,E,31,37,5.26
2024-06-04,MC-5,C,53,56,10.4
2024-06-04,MC-2,B,84,84,15.86
2024-06-05,MC-6,D,56,59,7.54
2024-06-05,MC-2,A,116,104,19.55
2024-06-05,MC-4,A,112,108,15.2
2024-06-05,MC-3,A,116,107,13.4
2024-06-05,MC-1,D,56,52,8.09
2024-06-05,MC-5,E,42,44,6.61
2024-06-06,MC-6,B,87,83,11.87
2024-06-06,MC-3,B,87,75,9.63
2024-06-06,MC-4,B,94,89,17.33
2024-06-06,MC-2,D,53,53,6.91
2024-06-06,MC-1,B,87,80,13.15
2024-06-06,MC-5,E,42,34,6.0
2024-06-07,MC-4,A,112,102,12.45
2024-06-07,MC-5,B,108,100,16.04
2024-06-07,MC-2,B,103,88,13.43
2024-06-07,MC-6,C,61,57,9.91
2024-06-07,MC-1,D,38,34,6.57
2024-06-08,MC-6,A,110,107,13.26
2024-06-08,MC-5,D,42,42,5.67
2024-06-08,MC-1,A,108,97,14.28
2024-06-08,MC-2,C,63,53,9.09
2024-06-08,MC-7,A,113,110,15.1
2024-06-08,MC-4,C,65,64,10.93
2024-06-09,MC-5,A,104,106,13.03
2024-06-09,MC-2,A,111,105,14.47
2024-06-09,MC-4,A,109,106,13.64
2024-06-09,MC-7,C,62,69,9.17
2024-06-09,MC-3,A,109,92,13.65
2024-06-10,MC-5,E,45,43,7.31
2024-06-10,MC-1,E,47,32,4.76
2024-06-10,MC-6,C,54,53,7.12
2024-06-10,MC-2,D,34,35,6.8
2024-06-10,MC-3,D,33,38,5.46
2024-06-10,MC-7,C,53,58,8.38
2024-06-10,MC-4,E,47,36,4.47
2024-06-11,MC-3,D,55,57,7.41
2024-06-11,MC-7,D,52,57,10.9
2024-06-11,MC-6,E,36,44,5.67
2024-06-11,MC-5,A,108,108,15.26
2024-06-11,MC-1,C,74,66,11.31
2024-06-11,MC-2,C,75,69,8.96
2024-06-12,MC-1,E,48,46,5.77
2024-06-12,MC-4,A,109,104,19.98
2024-06-12,MC-6,E,46,41,6.63
2024-06-12,MC-2,C,73,65,10.63
2024-06-12,MC-7,B,80,75,10.14
2024-06-13,MC-4,A,122,124,24.66
2024-06-13,MC-5,C,79,70,11.43
2024-06-13,MC-7,A,117,100,14.7
2024-06-13,MC-6,C,81,80,15.7
2024-06-13,MC-3,A,126,116,22.74
2024-06-13,MC-1,C,75,66,10.6
2024-06-14,MC-4,D,68,70,10.4
2024-06-14,MC-2,D,71,60,9.61
2024-06-14,MC-5,A,114,102,18.22
2024-06-14,MC-7,D,69,66,11.76
2024-06-14,MC-6,C,75,61,8.0
2024-06-14,MC-1,E,60,70,13.97
2024-06-14,MC-3,B,81,83,10.38
2024-06-15,MC-2,C,67,62,9.03
2024-06-15,MC-5,E,52,54,8.02
2024-06-15,MC-6,D,63,55,10.63
2024-06-15,MC-1,B,72,63,11.35
2024-06-15,MC-4,D,62,61,7.53
2024-06-15,MC-7,A,104,97,15.13
2024-06-15,MC-3,D,63,59,9.05
2024-06-16,MC-5,D,77,71,12.13
2024-06-16,MC-2,A,98,89,16.9
2024-06-16,MC-6,B,96,96,19.17
2024-06-16,MC-7,C,55,67,9.8
2024-06-16,MC-1,D,77,74,13.15
2024-06-16,MC-3,C,56,53,7.69
2024-06-16,MC-4,B,91,98,16.43
2024-06-17,MC-3,A,129,119,17.91
2024-06-17,MC-6,C,86,71,14.12
2024-06-17,MC-4,B,91,93,14.1
2024-06-17,MC-1,E,49,45,8.8
2024-06-17,MC-7,E,49,45,5.72
2024-06-17,MC-5,A,129,121,23.25
2024-06-17,MC-2,C,83,94,15.61
2024-06-18,MC-6,C,64,63,10.81
2024-06-18,MC-7,A,135,134,18.22
2024-06-18,MC-4,C,65,57,11.39
2024-06-18,MC-5,A,126,113,20.99
2024-06-18,MC-1,A,136,128,24.54
2024-06-18,MC-3,A,129,121,17.81
2024-06-19,MC-6,B,82,86,10.76
2024-06-19,MC-5,C,59,61,10.77
2024-06-19,MC-2,D,43,37,6.16
2024-06-19,MC-1,E,48,45,8.65
2024-06-19,MC-3,A,121,119,22.68
2024-06-19,MC-7,C,58,48,9.2
2024-06-20,MC-5,C,66,49,8.27
2024-06-20,MC-7,C,67,67,9.92
2024-06-20,MC-2,B,65,66,10.56
2024-06-20,MC-4,E,40,35,4.61
2024-06-20,MC-6,E,39,41,6.04
2024-06-21,MC-2,B,97,76,12.37
2024-06-21,MC-1,C,70,65,12.5
2024-06-21,MC-4,B,94,91,17.3
2024-06-21,MC-6,D,41,42,6.58
2024-06-21,MC-3,D,40,45,8.78
2024-06-21,MC-7,B,93,81,12.6
2024-06-21,MC-5,E,47,43,7.6
2024-06-22,MC-2,C,27,25,4.16
2024-06-22,MC-6,E,35,30,5.83
2024-06-22,MC-1,D,67,54,7.63
2024-06-22,MC-3,B,94,80,13.21
2024-06-22,MC-7,D,65,53,6.46
2024-06-22,MC-5,C,25,28,4.96
2024-06-23,MC-4,A,117,111,15.82
2024-06-23,MC-1,B,95,81,10.36
2024-06-23,MC-3,D,48,35,5.15
2024-06-23,MC-2,D,45,44,6.47
2024-06-23,MC-5,C,59,54,10.79
2024-06-23,MC-6,B,90,75,14.59
2024-06-23,MC-7,A,121,119,17.28
2024-06-24,MC-4,A,122,121,16.12
2024-06-24,MC-3,E,51,44,6.64
2024-06-24,MC-7,C,85,77,15.21
2024-06-24,MC-5,C,88,84,11.89
2024-06-24,MC-2,B,90,92,17.26
2024-06-24,MC-6,E,49,50,8.66
2024-06-24,MC-1,D,45,34,6.09
2024-06-25,MC-2,C,69,60,8.6
2024-06-25,MC-3,D,59,53,7.82
2024-06-25,MC-5,B,102,95,15.29
2024-06-25,MC-1,E,35,29,5.63
2024-06-25,MC-6,B,99,86,11.65
2024-06-26,MC-6,B,86,72,13.74
2024-06-26,MC-4,A,115,119,14.38
2024-06-26,MC-3,C,61,57,10.01
2024-06-26,MC-2,E,33,35,5.15
2024-06-26,MC-1,A,111,99,14.48
2024-06-26,MC-5,B,85,77,13.7
2024-06-27,MC-4,D,59,58,10.89
2024-06-27,MC-6,B,89,86,11.65
2024-06-27,MC-2,A,109,92,16.33
2024-06-27,MC-1,A,108,101,16.28
2024-06-27,MC-7,E,32,38,6.85
2024-06-27,MC-5,C,50,48,6.03
2024-06-28,MC-4,D,60,61,8.32
2024-06-28,MC-2,D,59,61,10.74
2024-06-28,MC-7,C,34,30,5.25
2024-06-28,MC-6,E,33,34,4.29
2024-06-28,MC-1,B,70,62,10.45
2024-06-28,MC-3,D,60,61,11.22
2024-06-28,MC-5,A,108,107,14.43
2024-06-29,MC-7,C,50,42,7.31
2024-06-29,MC-6,A,106,97,18.71
2024-06-29,MC-4,A,104,96,16.04
2024-06-29,MC-3,A,101,85,11.86
2024-06-29,MC-5,A,108,100,15.87
2024-06-29,MC-2,A,106,99,14.23
2024-06-30,MC-6,C,66,65,9.06
2024-06-30,MC-7,A,118,119,22.56
2024-06-30,MC-5,E,54,53,6.68
2024-06-30,MC-2,B,86,88,13.91
2024-06-30,MC-1,D,43,45,8.47
2024-06-30,MC-4,D,46,49,6.68
2024-07-01,MC-6,E,73,79,12.88
2024-07-01,MC-4,B,70,67,11.34
2024-07-01,MC-3,D,36,36,5.77
2024-07-01,MC-2,A,93,85,10.63
2024-07-01,MC-1,D,33,35,5.35
2024-07-01,MC-7,E,75,75,10.53
2024-07-01,MC-5,E,74,76,11.96
2024-07-02,MC-4,E,45,43,6.51
2024-07-02,MC-1,B,101,93,15.28
2024-07-02,MC-5,A,108,97,14.76
2024-07-02,MC-6,E,44,39,7.25
2024-07-02,MC-7,D,37,25,3.99
2024-07-02,MC-3,C,69,65,11.44
2024-07-02,MC-2,A,106,99,15.83
2024-07-03,MC-2,E,31,35,5.42
2024-07-03,MC-5,C,71,77,13.62
2024-07-03,MC-7,A,130,123,18.44
2024-07-03,MC-6,A,132,126,24.18
2024-07-03,MC-1,A,134,136,23.24
2024-07-04,MC-3,C,77,71,14.11
2024-07-04,MC-7,A,109,97,15.69
2024-07-04,MC-5,E,20,17,2.48
2024-07-04,MC-2,C,73,71,9.09
2024-07-04,MC-4,E,20,19,2.87
2024-07-04,MC-1,D,40,46,7.81
2024-07-04,MC-6,B,68,76,11.71
2024-07-05,MC-4,A,114,119,20.1
2024-07-05,MC-6,B,74,66,11.12
2024-07-05,MC-3,A,122,118,16.08
2024-07-05,MC-5,B,79,86,12.02
2024-07-05,MC-7,B,78,73,8.87
2024-07-05,MC-1,C,71,65,10.61
2024-07-05,MC-2,B,75,76,14.78
2024-07-06,MC-5,B,84,69,13.46
2024-07-06,MC-7,E,37,34,5.91
2024-07-06,MC-2,D,57,54,10.05
2024-07-06,MC-3,A,84,82,16.21
2024-07-06,MC-6,E,36,20,2.66
2024-07-07,MC-3,C,63,64,10.59
2024-07-07,MC-4,D,40,38,5.04
2024-07-07,MC-2,B,64,57,8.24
2024-07-07,MC-6,E,25,23,3.26
2024-07-07,MC-5,B,68,57,10.68
2024-07-07,MC-1,A,103,101,13.81
2024-07-08,MC-6,B,90,88,15.68
2024-07-08,MC-3,C,36,40,7.06
2024-07-08,MC-2,D,42,46,7.12
2024-07-08,MC-7,D,43,37,5.9
2024-07-08,MC-4,A,107,101,18.3
2024-07-08,MC-1,E,41,41,8.14
2024-07-08,MC-5,B,88,96,18.05
2024-07-09,MC-3,E,44,36,4.65
2024-07-09,MC-1,D,31,30,5.11
2024-07-09,MC-5,A,108,99,12.91
2024-07-09,MC-6,C,42,37,5.72
2024-07-09,MC-7,A,102,100,16.25
2024-07-10,MC-3,A,111,109,16.24
2024-07-10,MC-7,D,58,51,9.68
2024-07-10,MC-2,B,80,71,10.54
2024-07-10,MC-5,D,60,59,11.58
2024-07-10,MC-4,A,113,108,21.17
2024-07-10,MC-1,A,113,114,20.95
2024-07-11,MC-5,E,34,28,5.18
2024-07-11,MC-6,C,56,52,10.31
2024-07-11,MC-3,E,36,29,4.72
2024-07-11,MC-4,C,56,37,5.98
2024-07-11,MC-1,E,36,27,4.55
2024-07-12,MC-5,B,79,81,12.4
2024-07-12,MC-1,C,64,62,8.4
2024-07-12,MC-6,E,25,20,3.4
2024-07-12,MC-2,E,25,27,5.0
2024-07-12,MC-4,E,25,27,3.28
2024-07-12,MC-3,D,48,45,6.99
2024-07-13,MC-5,B,84,77,11.33
2024-07-13,MC-2,B,84,83,15.2
2024-07-13,MC-3,D,57,64,8.14
2024-07-13,MC-1,E,34,35,6.66
2024-07-13,MC-7,C,58,47,8.38
2024-07-13,MC-4,A,92,84,14.54
2024-07-14,MC-6,D,42,36,5.51
2024-07-14,MC-3,C,46,45,6.55
2024-07-14,MC-2,D,42,34,4.97
2024-07-14,MC-4,E,31,31,5.39
2024-07-14,MC-7,C,48,43,7.86
2024-07-14,MC-5,C,46,43,6.49
2024-07-14,MC-1,D,41,32,6.13
2024-07-15,MC-6,A,104,97,17.48
2024-07-15,MC-2,A,110,97,15.64
2024-07-15,MC-3,A,112,98,17.76
2024-07-15,MC-1,B,67,60,11.58
2024-07-15,MC-7,A,110,101,16.75
2024-07-15,MC-5,B,68,65,9.33
2024-07-15,MC-4,E,33,35,5.86
2024-07-16,MC-1,D,58,62,11.4
2024-07-16,MC-6,E,35,30,4.6
2024-07-16,MC-3,B,81,76,10.59
2024-07-16,MC-4,D,60,64,10.37
2024-07-16,MC-7,D,57,48,8.47
2024-07-17,MC-6,A,114,133,20.32
2024-07-17,MC-7,D,55,61,11.94
2024-07-17,MC-5,E,42,34,4.23
2024-07-17,MC-1,C,61,51,9.72
2024-07-17,MC-2,B,53,52,8.15
2024-07-17,MC-4,E,45,53,8.76
2024-07-17,MC-3,E,44,41,6.44
2024-07-18,MC-5,A,76,72,14.19
2024-07-18,MC-4,C,45,43,5.8
2024-07-18,MC-2,B,83,80,11.59
2024-07-18,MC-7,E,34,27,3.91
2024-07-18,MC-1,C,43,35,6.37
2024-07-19,MC-4,A,83,78,10.44
2024-07-19,MC-7,C,28,32,6.21
2024-07-19,MC-6,B,65,70,13.35
2024-07-19,MC-2,E,42,41,5.77
2024-07-19,MC-5,A,82,71,12.01
2024-07-20,MC-3,E,24,25,4.35
2024-07-20,MC-4,D,63,59,8.37
2024-07-20,MC-7,B,84,88,17.52
2024-07-20,MC-5,C,45,39,5.15
2024-07-20,MC-1,E,25,17,3.31
2024-07-20,MC-6,A,108,104,20.57
2024-07-21,MC-5,C,56,48,8.48
2024-07-21,MC-4,C,53,44,7.42
2024-07-21,MC-1,C,56,60,9.76
2024-07-21,MC-3,A,95,90,17.66
2024-07-21,MC-7,A,95,83,15.72
2024-07-21,MC-2,C,54,52,9.03
2024-07-22,MC-2,B,74,64,11.95
2024-07-22,MC-4,A,71,63,9.77
2024-07-22,MC-3,E,36,38,6.45
2024-07-22,MC-1,E,36,32,4.93
2024-07-22,MC-6,B,71,65,11.64
2024-07-22,MC-7,D,28,27,4.9
2024-07-22,MC-5,A,71,61,8.71
2024-07-23,MC-1,C,70,73,13.31
2024-07-23,MC-2,C,68,54,9.97
2024-07-23,MC-3,C,67,66,9.93
2024-07-23,MC-6,D,40,47,5.9
2024-07-23,MC-4,B,83,74,11.89
2024-07-23,MC-5,E,34,37,4.63
2024-07-24,MC-1,D,45,43,6.38
2024-07-24,MC-4,A,76,76,12.73
2024-07-24,MC-6,C,66,62,8.8
2024-07-24,MC-2,B,91,86,14.72
2024-07-24,MC-7,A,75,68,12.85
2024-07-24,MC-5,B,96,94,17.08
2024-07-25,MC-1,A,99,92,17.75
2024-07-25,MC-2,B,75,70,13.19
2024-07-25,MC-4,B,74,81,11.62
2024-07-25,MC-5,D,45,48,7.18
2024-07-25,MC-3,C,62,62,11.57
2024-07-25,MC-6,A,95,91,11.86
2024-07-26,MC-4,E,51,53,8.48
2024-07-26,MC-5,D,38,33,4.28
2024-07-26,MC-7,B,99,90,15.19
2024-07-26,MC-2,A,70,64,11.78
2024-07-26,MC-6,A,71,75,9.2
2024-07-26,MC-3,A,72,68,12.91
2024-07-27,MC-2,B,67,62,8.0
2024-07-27,MC-3,A,96,86,12.18
2024-07-27,MC-5,C,53,46,8.67
2024-07-27,MC-1,D,36,27,5.36
2024-07-27,MC-6,E,30,25,4.98
2024-07-28,MC-1,D,57,55,6.61
2024-07-28,MC-4,B,71,68,10.42
2024-07-28,MC-6,E,44,49,8.16
2024-07-28,MC-3,B,74,58,10.77
2024-07-28,MC-2,E,43,35,5.94
2024-07-28,MC-5,B,70,62,10.29
2024-07-28,MC-7,B,75,71,8.73
2024-07-29,MC-7,B,64,56,8.59
2024-07-29,MC-1,D,44,38,7.43
2024-07-29,MC-3,A,100,100,15.41
2024-07-29,MC-2,E,23,18,2.48
2024-07-29,MC-5,E,23,30,4.8
2024-07-29,MC-4,B,65,58,8.84
2024-07-30,MC-7,B,75,75,12.29
2024-07-30,MC-5,D,53,47,5.9
2024-07-30,MC-2,A,69,68,10.38
2024-07-30,MC-6,C,71,77,11.07
2024-07-30,MC-1,B,75,76,9.44
2024-07-31,MC-4,A,100,97,13.33
2024-07-31,MC-1,D,49,38,5.01
2024-07-31,MC-5,D,48,54,9.18
2024-07-31,MC-2,E,36,38,6.21
2024-07-31,MC-6,C,91,80,11.9
2024-08-01,MC-6,E,27,27,3.5
2024-08-01,MC-2,D,20,14,2.11
2024-08-01,MC-7,A,84,77,9.56
2024-08-01,MC-3,C,47,54,7.35
2024-08-01,MC-5,A,86,91,11.56
2024-08-01,MC-4,C,48,43,6.33
2024-08-01,MC-1,C,48,51,7.06
2024-08-02,MC-3,B,64,58,10.31
2024-08-02,MC-6,A,113,102,12.45
2024-08-02,MC-4,A,109,98,12.27
2024-08-02,MC-2,A,108,87,15.4
2024-08-02,MC-5,C,42,35,4.7
2024-08-02,MC-1,B,62,58,9.99
2024-08-03,MC-4,C,64,63,12.44
2024-08-03,MC-3,D,27,23,4.18
2024-08-03,MC-5,C,61,58,11.49
2024-08-03,MC-1,C,66,66,10.54
2024-08-03,MC-2,C,62,52,8.0
2024-08-03,MC-7,A,97,86,12.61
2024-08-04,MC-6,C,52,47,9.27
2024-08-04,MC-1,C,52,50,9.11
2024-08-04,MC-5,E,46,37,4.57
2024-08-04,MC-2,E,45,56,10.18
2024-08-04,MC-4,E,44,49,8.27
2024-08-05,MC-2,A,98,95,13.98
2024-08-05,MC-6,A,96,85,10.29
2024-08-05,MC-3,B,90,91,15.36
2024-08-05,MC-7,E,53,60,11.16
2024-08-05,MC-5,A,95,88,12.14
2024-08-05,MC-4,A,97,89,16.81
2024-08-06,MC-6,C,48,38,7.18
2024-08-06,MC-2,D,58,55,10.85
2024-08-06,MC-7,B,87,72,10.46
2024-08-06,MC-4,E,48,54,6.55
2024-08-06,MC-1,B,80,74,12.7
2024-08-06,MC-3,A,97,93,14.12
2024-08-06,MC-5,B,80,78,15.46
2024-08-07,MC-4,D,52,54,9.09
2024-08-07,MC-5,A,83,77,9.42
2024-08-07,MC-3,D,54,56,10.5
2024-08-07,MC-6,A,83,80,12.1
2024-08-07,MC-2,D,55,45,5.59
2024-08-08,MC-5,B,75,62,11.6
2024-08-08,MC-7,C,77,79,11.85
2024-08-08,MC-1,A,76,80,14.79
2024-08-08,MC-2,E,36,30,5.36
2024-08-08,MC-3,A,78,69,9.99
2024-08-08,MC-4,B,81,79,13.42
2024-08-09,MC-7,E,36,37,5.63
2024-08-09,MC-4,D,46,41,6.12
2024-08-09,MC-6,D,44,42,5.17
2024-08-09,MC-1,E,36,47,6.67
2024-08-09,MC-5,C,68,57,8.28
2024-08-09,MC-2,B,66,64,12.01
2024-08-09,MC-3,B,67,64,9.62
2024-08-10,MC-2,D,33,32,6.1
2024-08-10,MC-5,E,24,23,4.43
2024-08-10,MC-7,E,25,23,3.74
2024-08-10,MC-1,C,54,59,8.29
2024-08-10,MC-3,C,52,50,6.44
2024-08-11,MC-3,B,53,49,7.71
2024-08-11,MC-6,A,89,79,15.7
2024-08-11,MC-7,E,38,41,6.58
2024-08-11,MC-1,B,53,52,8.12
2024-08-11,MC-4,C,49,35,4.8
2024-08-12,MC-6,A,104,95,14.47
2024-08-12,MC-2,B,71,67,11.04
2024-08-12,MC-3,B,70,61,10.13
2024-08-12,MC-7,E,17,16,2.67
2024-08-12,MC-4,A,100,99,14.73
2024-08-13,MC-6,A,83,81,15.04
2024-08-13,MC-3,E,59,49,9.18
2024-08-13,MC-5,C,39,37,5.78
2024-08-13,MC-7,B,75,77,13.48
2024-08-13,MC-2,D,26,21,3.83
2024-08-14,MC-3,B,61,52,9.24
2024-08-14,MC-7,C,53,57,8.52
2024-08-14,MC-1,A,95,96,11.54
2024-08-14,MC-5,E,32,30,4.03
2024-08-14,MC-2,E,34,39,6.09
2024-08-14,MC-4,A,93,83,12.39
2024-08-14,MC-6,D,41,30,4.72
2024-08-15,MC-3,C,26,24,2.98
2024-08-15,MC-6,B,89,77,15.19
2024-08-15,MC-5,E,34,37,7.38
2024-08-15,MC-2,D,52,47,6.9
2024-08-15,MC-4,B,85,76,12.67
2024-08-15,MC-1,D,48,44,7.15
2024-08-15,MC-7,B,84,80,13.51
2024-08-16,MC-6,B,65,63,10.16
2024-08-16,MC-4,D,12,15,2.63
2024-08-16,MC-3,B,66,65,8.71
2024-08-16,MC-2,B,65,63,12.08
2024-08-16,MC-7,B,70,70,8.79
2024-08-16,MC-1,E,31,37,5.4
2024-08-16,MC-5,D,12,16,2.89
2024-08-17,MC-2,D,47,39,4.81
2024-08-17,MC-6,E,41,36,6.72
2024-08-17,MC-3,B,71,69,13.35
2024-08-17,MC-1,A,112,103,19.2
2024-08-17,MC-7,B,68,57,10.08
2024-08-17,MC-4,A,119,121,18.72
2024-08-17,MC-5,D,45,49,9.77
2024-08-18,MC-4,E,38,46,8.06
2024-08-18,MC-6,B,83,78,10.75
2024-08-18,MC-7,A,110,102,19.76
2024-08-18,MC-1,E,38,30,3.69
2024-08-18,MC-3,A,102,100,17.07
2024-08-19,MC-4,B,74,75,9.63
2024-08-19,MC-1,B,71,66,12.22
2024-08-19,MC-6,A,86,81,14.03
2024-08-19,MC-5,C,52,44,8.71
2024-08-19,MC-3,B,75,68,11.58
2024-08-19,MC-7,E,44,45,6.54
2024-08-20,MC-7,A,92,91,12.01
2024-08-20,MC-1,B,83,77,13.65
2024-08-20,MC-6,B,80,79,12.67
2024-08-20,MC-3,D,43,43,6.17
2024-08-20,MC-4,E,31,27,5.18
2024-08-21,MC-7,B,81,76,14.67
2024-08-21,MC-2,A,92,87,14.25
2024-08-21,MC-3,E,51,42,7.81
2024-08-21,MC-5,C,38,35,5.4
2024-08-21,MC-6,E,51,49,9.59
2024-08-21,MC-1,A,92,76,10.07
2024-08-22,MC-7,E,38,32,5.44
2024-08-22,MC-1,D,46,37,7.23
2024-08-22,MC-6,B,71,61,11.45
2024-08-22,MC-3,A,92,87,14.54
2024-08-22,MC-5,B,71,73,10.03
2024-08-23,MC-2,C,43,37,5.01
2024-08-23,MC-4,B,88,77,13.59
2024-08-23,MC-6,D,22,25,5.0
2024-08-23,MC-7,A,92,96,18.87
2024-08-23,MC-5,D,21,16,2.2
2024-08-24,MC-1,A,77,80,15.74
2024-08-24,MC-2,E,23,33,4.8
2024-08-24,MC-7,C,47,40,6.72
2024-08-24,MC-3,A,77,66,9.78
2024-08-24,MC-6,C,46,42,5.18
2024-08-25,MC-1,E,40,34,4.13
2024-08-25,MC-5,C,55,52,10.04
2024-08-25,MC-2,E,42,35,6.79
2024-08-25,MC-6,B,68,71,12.33
2024-08-25,MC-4,D,28,23,3.62
2024-08-26,MC-6,A,95,96,16.79
2024-08-26,MC-7,C,53,48,8.0
2024-08-26,MC-3,D,49,46,6.12
2024-08-26,MC-5,C,56,65,7.88
2024-08-26,MC-2,C,56,57,8.12
2024-08-27,MC-7,B,76,69,9.57
2024-08-27,MC-1,D,25,25,3.68
2024-08-27,MC-6,D,25,24,4.3
2024-08-27,MC-2,D,26,33,5.81
2024-08-27,MC-3,A,98,93,15.74
2024-08-27,MC-5,A,98,89,14.98
2024-08-27,MC-4,E,43,34,6.19
2024-08-28,MC-6,B,90,85,14.87
2024-08-28,MC-3,D,50,47,7.65
2024-08-28,MC-2,C,69,63,10.7
2024-08-28,MC-1,C,68,66,9.06
2024-08-28,MC-5,D,51,49,6.37
2024-08-28,MC-4,D,48,51,9.08
2024-08-29,MC-6,D,34,24,3.18
2024-08-29,MC-4,D,37,29,4.15
2024-08-29,MC-5,E,43,37,5.33
2024-08-29,MC-3,D,37,34,5.06
2024-08-29,MC-1,E,43,38,7.21
2024-08-29,MC-7,E,45,46,5.84
2024-08-30,MC-5,E,21,21,2.88
2024-08-30,MC-7,E,21,25,4.44
2024-08-30,MC-2,B,60,62,10.94
2024-08-30,MC-4,A,74,62,7.99
2024-08-30,MC-1,B,63,68,12.79
2024-08-30,MC-6,C,59,50,9.82
2024-08-31,MC-2,A,77,71,11.01
2024-08-31,MC-1,A,75,69,12.69
2024-08-31,MC-3,C,62,52,9.71
2024-08-31,MC-4,C,60,46,6.82
2024-08-31,MC-6,B,92,89,16.3
2024-09-01,MC-4,B,71,62,10.11
2024-09-01,MC-2,A,42,31,4.99
2024-09-01,MC-5,B,78,66,9.89
2024-09-01,MC-7,A,45,52,6.61
2024-09-01,MC-1,B,76,71,11.57
2024-09-01,MC-3,D,38,40,6.89
2024-09-02,MC-1,D,45,51,8.55
2024-09-02,MC-6,E,32,34,5.73
2024-09-02,MC-4,B,65,55,10.61
2024-09-02,MC-3,A,80,73,14.35
2024-09-02,MC-7,B,62,55,7.43
2024-09-02,MC-5,C,53,44,6.81
2024-09-02,MC-2,B,63,51,9.44
2024-09-03,MC-2,B,64,62,8.04
2024-09-03,MC-1,D,52,51,9.46
2024-09-03,MC-6,B,62,68,9.42
2024-09-03,MC-4,E,23,25,3.69
2024-09-03,MC-5,C,57,54,9.5
2024-09-04,MC-4,C,41,40,7.69
2024-09-04,MC-6,A,85,77,10.67
2024-09-04,MC-3,B,42,37,6.39
2024-09-04,MC-7,A,87,78,10.55
2024-09-04,MC-5,A,86,78,13.02
2024-09-04,MC-1,E,32,31,4.2
2024-09-05,MC-5,D,63,68,9.31
2024-09-05,MC-2,E,29,23,2.88
2024-09-05,MC-1,C,58,63,9.23
2024-09-05,MC-4,E,29,16,2.62
2024-09-05,MC-6,E,30,26,3.73
2024-09-06,MC-6,E,18,27,3.7
2024-09-06,MC-2,D,30,33,6.4
2024-09-06,MC-4,B,68,66,10.83
2024-09-06,MC-7,B,69,63,7.58
2024-09-06,MC-5,D,29,28,5.23
2024-09-06,MC-1,E,18,18,2.18
2024-09-07,MC-2,D,39,46,5.87
2024-09-07,MC-4,D,38,36,7.12
2024-09-07,MC-7,C,45,42,8.07
2024-09-07,MC-1,D,37,38,6.8
2024-09-07,MC-3,D,36,34,6.23
2024-09-08,MC-1,A,95,84,14.16
2024-09-08,MC-3,A,94,87,14.33
2024-09-08,MC-4,A,97,92,17.52
2024-09-08,MC-2,C,64,54,8.83
2024-09-08,MC-5,E,9,3,0.41
2024-09-09,MC-1,A,73,67,10.7
2024-09-09,MC-2,B,46,55,7.0
2024-09-09,MC-3,E,27,27,3.47
2024-09-09,MC-6,A,75,75,9.19
2024-09-09,MC-5,C,35,39,6.93
2024-09-09,MC-7,B,47,49,8.13
2024-09-10,MC-2,E,41,40,7.13
2024-09-10,MC-6,D,30,26,3.26
2024-09-10,MC-1,A,94,95,13.82
2024-09-10,MC-7,A,91,96,13.62
2024-09-10,MC-4,C,54,50,9.58
2024-09-10,MC-5,A,97,90,11.18
2024-09-10,MC-3,C,56,56,9.97
2024-09-11,MC-3,D,44,46,8.07
2024-09-11,MC-7,C,51,46,8.56
2024-09-11,MC-4,B,61,58,8.18
2024-09-11,MC-2,A,91,82,10.23
2024-09-11,MC-5,C,54,56,8.39
2024-09-12,MC-6,D,56,51,6.62
2024-09-12,MC-5,E,32,27,5.35
2024-09-12,MC-1,A,64,54,9.08
2024-09-12,MC-2,C,72,65,11.96
2024-09-12,MC-7,B,62,54,8.49
2024-09-12,MC-4,B,64,62,9.86
2024-09-13,MC-4,E,34,35,5.72
2024-09-13,MC-1,E,33,34,5.05
2024-09-13,MC-6,E,33,21,2.73
2024-09-13,MC-2,E,32,29,4.36
2024-09-13,MC-5,C,48,39,5.11
2024-09-13,MC-3,D,28,25,3.43
2024-09-13,MC-7,B,62,58,11.51
2024-09-14,MC-3,B,68,65,10.04
2024-09-14,MC-7,B,68,62,8.35
2024-09-14,MC-5,E,63,60,7.28
2024-09-14,MC-4,E,63,54,9.09
2024-09-14,MC-1,A,86,84,13.8
2024-09-14,MC-2,B,69,66,8.18
2024-09-15,MC-6,D,23,22,4.07
2024-09-15,MC-4,A,72,70,8.89
2024-09-15,MC-1,D,23,23,3.34
2024-09-15,MC-5,C,40,36,4.6
2024-09-15,MC-7,B,64,61,10.11
2024-09-15,MC-2,C,41,38,6.15
2024-09-15,MC-3,B,68,67,11.96
2024-09-16,MC-3,A,95,85,10.26
2024-09-16,MC-5,B,58,56,7.79
2024-09-16,MC-7,D,32,30,4.13
2024-09-16,MC-6,C,70,60,7.33
2024-09-16,MC-1,D,32,32,5.5
2024-09-17,MC-7,A,95,89,11.3
2024-09-17,MC-4,C,26,21,2.79
2024-09-17,MC-2,C,27,19,3.56
2024-09-17,MC-1,D,29,25,3.95
2024-09-17,MC-3,D,28,21,3.45
2024-09-17,MC-5,E,41,40,7.28
2024-09-18,MC-2,E,25,20,3.71
2024-09-18,MC-4,D,51,43,5.96
2024-09-18,MC-3,C,35,28,4.03
2024-09-18,MC-5,A,99,92,12.51
2024-09-18,MC-7,E,27,18,3.45
2024-09-18,MC-1,A,94,91,16.56
2024-09-18,MC-6,B,77,79,11.42
2024-09-19,MC-7,B,64,60,11.26
2024-09-19,MC-5,E,26,32,4.37
2024-09-19,MC-1,D,33,36,5.89
2024-09-19,MC-2,A,76,55,9.98
2024-09-19,MC-6,B,64,64,11.3
2024-09-19,MC-4,D,32,32,6.37
2024-09-19,MC-3,D,34,24,3.52
2024-09-20,MC-1,A,84,88,11.3
2024-09-20,MC-3,B,64,64,9.18
2024-09-20,MC-4,A,87,70,10.87
2024-09-20,MC-5,D,49,45,8.1
2024-09-20,MC-6,D,50,43,5.22
2024-09-20,MC-2,B,69,66,12.96
2024-09-20,MC-7,D,51,45,6.68
2024-09-21,MC-1,A,93,92,13.67
2024-09-21,MC-3,C,79,63,9.82
2024-09-21,MC-6,D,44,41,5.52
2024-09-21,MC-4,A,88,84,16.25
2024-09-21,MC-7,E,34,35,5.85
2024-09-21,MC-2,B,71,77,11.82
2024-09-22,MC-2,E,48,47,9.04
2024-09-22,MC-6,D,35,29,5.63
2024-09-22,MC-7,A,107,93,14.62
2024-09-22,MC-3,C,52,57,7.31
2024-09-22,MC-4,D,33,28,3.39
2024-09-22,MC-1,D,34,29,3.55
2024-09-23,MC-1,C,41,40,8.0
2024-09-23,MC-2,B,59,48,8.81
2024-09-23,MC-7,A,106,90,14.57
2024-09-23,MC-4,B,58,50,6.98
2024-09-23,MC-6,A,106,94,14.21
2024-09-24,MC-4,C,57,61,11.36
2024-09-24,MC-1,B,69,66,10.14
2024-09-24,MC-3,A,84,78,12.66
2024-09-24,MC-7,A,80,64,11.48
2024-09-24,MC-2,D,29,30,5.34
2024-09-24,MC-6,C,57,57,9.19
2024-09-25,MC-2,E,49,54,10.76
2024-09-25,MC-7,B,55,43,7.21
2024-09-25,MC-3,D,52,48,6.14
2024-09-25,MC-4,C,48,48,9.46
2024-09-25,MC-6,E,45,46,7.61
2024-09-25,MC-5,D,53,50,8.62
2024-09-26,MC-5,E,14,8,1.08
2024-09-26,MC-7,E,14,18,2.26
2024-09-26,MC-2,B,44,44,5.59
2024-09-26,MC-1,C,46,41,7.2
2024-09-26,MC-3,C,46,48,6.69
2024-09-27,MC-2,A,93,83,15.39
2024-09-27,MC-4,D,43,44,6.83
2024-09-27,MC-7,C,57,54,7.13
2024-09-27,MC-6,E,50,55,6.93
2024-09-27,MC-5,A,96,80,14.18
2024-09-28,MC-7,B,68,60,10.5
2024-09-28,MC-2,D,42,34,6.11
2024-09-28,MC-4,E,14,12,2.22
2024-09-28,MC-1,B,67,63,10.69
2024-09-28,MC-5,E,14,17,3.21
2024-09-28,MC-3,D,42,35,6.76
2024-09-29,MC-3,C,52,51,10.14
2024-09-29,MC-2,A,68,67,12.36
2024-09-29,MC-6,C,53,43,7.86
2024-09-29,MC-1,C,53,54,10.67
2024-09-29,MC-5,E,18,10,1.91
2024-09-30,MC-6,C,27,23,3.84
2024-09-30,MC-4,C,28,19,3.68
2024-09-30,MC-7,E,39,45,7.79
2024-09-30,MC-5,D,21,16,2.37
2024-09-30,MC-2,E,37,40,7.29
2024-10-01,MC-1,E,27,30,3.62
2024-10-01,MC-2,E,27,24,4.12
2024-10-01,MC-4,B,74,82,15.09
2024-10-01,MC-5,E,28,24,3.6
2024-10-01,MC-6,D,49,48,7.44
2024-10-01,MC-7,D,51,44,6.99
2024-10-02,MC-7,A,88,89,11.37
2024-10-02,MC-6,A,85,81,14.13
2024-10-02,MC-4,A,89,85,15.04
2024-10-02,MC-3,A,85,84,14.95
2024-10-02,MC-5,E,37,26,4.01
2024-10-02,MC-1,D,63,56,10.71
2024-10-03,MC-4,D,20,18,2.5
2024-10-03,MC-6,E,34,26,3.71
2024-10-03,MC-5,E,35,35,5.84
2024-10-03,MC-1,A,67,66,11.71
2024-10-03,MC-3,C,23,17,3.2
2024-10-04,MC-2,D,21,23,3.13
2024-10-04,MC-7,A,91,87,12.71
2024-10-04,MC-4,C,51,46,8.8
2024-10-04,MC-5,D,21,24,3.51
2024-10-04,MC-1,D,20,23,3.66
2024-10-04,MC-3,D,20,18,3.3
2024-10-05,MC-3,C,42,40,6.69
2024-10-05,MC-2,C,43,46,6.67
2024-10-05,MC-5,D,45,46,5.82
2024-10-05,MC-7,B,66,56,9.06
2024-10-05,MC-6,A,90,85,13.21
2024-10-06,MC-1,C,61,59,11.68
2024-10-06,MC-7,B,47,43,5.96
2024-10-06,MC-6,E,38,36,5.47
2024-10-06,MC-2,D,44,30,4.44
2024-10-06,MC-4,B,45,35,4.68
2024-10-06,MC-3,E,37,27,3.58
2024-10-07,MC-2,B,73,73,10.8
2024-10-07,MC-5,D,23,20,3.41
2024-10-07,MC-4,B,72,79,10.52
2024-10-07,MC-1,D,25,26,4.13
2024-10-07,MC-3,C,60,64,8.33
2024-10-07,MC-7,E,30,26,3.44
2024-10-08,MC-4,A,81,68,10.82
2024-10-08,MC-2,E,38,37,5.45
2024-10-08,MC-1,D,39,44,5.88
2024-10-08,MC-6,C,42,45,8.56
2024-10-08,MC-3,E,39,32,4.95
2024-10-09,MC-3,D,51,45,6.23
2024-10-09,MC-2,A,79,70,12.09
2024-10-09,MC-1,E,31,21,2.63
2024-10-09,MC-5,B,76,73,13.64
2024-10-09,MC-4,A,82,66,10.97
2024-10-10,MC-6,C,67,59,8.56
2024-10-10,MC-5,B,76,78,9.7
2024-10-10,MC-1,B,80,70,12.71
2024-10-10,MC-4,B,81,70,10.73
2024-10-10,MC-7,C,66,60,11.49
2024-10-10,MC-3,B,76,70,12.98
2024-10-10,MC-2,E,34,36,6.36
2024-10-11,MC-6,A,93,90,17.0
2024-10-11,MC-4,B,74,75,9.26
2024-10-11,MC-3,A,92,86,11.06
2024-10-11,MC-1,E,41,46,7.68
2024-10-11,MC-2,A,88,81,13.94
2024-10-12,MC-4,C,40,46,5.98
2024-10-12,MC-5,C,41,42,8.17
2024-10-12,MC-1,B,84,78,15.58
2024-10-12,MC-6,A,106,89,17.0
2024-10-12,MC-7,A,104,109,20.41
2024-10-13,MC-7,A,81,77,9.95
2024-10-13,MC-3,D,24,27,3.52
2024-10-13,MC-2,A,76,73,9.95
2024-10-13,MC-4,D,24,27,4.95
2024-10-13,MC-1,A,79,69,12.92
2024-10-13,MC-5,B,68,61,10.48
2024-10-14,MC-4,A,94,90,17.89
2024-10-14,MC-7,B,75,67,10.37
2024-10-14,MC-3,E,16,16,2.17
2024-10-14,MC-6,E,16,15,2.48
2024-10-14,MC-1,A,95,88,13.47
2024-10-14,MC-5,A,96,97,19.02
2024-10-14,MC-2,C,51,39,6.11
2024-10-15,MC-4,A,82,67,8.16
2024-10-15,MC-5,B,65,66,8.48
2024-10-15,MC-6,E,44,39,7.52
2024-10-15,MC-1,A,83,70,13.93
2024-10-15,MC-7,E,42,39,7.11
2024-10-15,MC-2,A,84,80,13.47
2024-10-16,MC-5,C,36,45,7.36
2024-10-16,MC-2,B,56,61,11.5
2024-10-16,MC-6,B,61,55,7.69
2024-10-16,MC-3,A,110,97,13.0
2024-10-16,MC-1,B,61,48,6.49
2024-10-16,MC-4,C,37,34,5.41
2024-10-16,MC-7,C,36,33,5.05
2024-10-17,MC-2,D,48,43,5.68
2024-10-17,MC-1,E,27,26,3.61
2024-10-17,MC-3,D,46,46,5.81
2024-10-17,MC-5,B,59,67,8.48
2024-10-17,MC-7,C,51,51,6.22
2024-10-17,MC-4,B,61,72,9.17
2024-10-18,MC-6,E,38,42,6.72
2024-10-18,MC-7,E,39,44,7.1
2024-10-18,MC-3,C,48,48,8.08
2024-10-18,MC-4,B,83,74,13.25
2024-10-18,MC-1,B,86,82,16.25
2024-10-19,MC-4,E,42,34,5.22
2024-10-19,MC-7,A,111,111,15.76
2024-10-19,MC-6,E,43,48,9.49
2024-10-19,MC-5,D,47,43,8.48
2024-10-19,MC-3,D,45,49,9.66
2024-10-19,MC-2,B,61,66,12.49
2024-10-19,MC-1,E,42,43,6.23
2024-10-20,MC-3,E,43,35,6.1
2024-10-20,MC-6,C,54,55,6.76
2024-10-20,MC-1,E,45,44,8.08
2024-10-20,MC-4,D,37,37,5.3
2024-10-20,MC-5,C,56,63,11.93
2024-10-20,MC-7,E,47,43,6.28
2024-10-21,MC-5,D,29,28,4.17
2024-10-21,MC-3,B,82,77,14.06
2024-10-21,MC-4,C,45,31,6.16
2024-10-21,MC-1,B,83,74,14.09
2024-10-21,MC-7,A,83,84,13.15
2024-10-21,MC-6,B,78,68,10.35
2024-10-21,MC-2,C,48,49,8.44
2024-10-22,MC-2,C,39,40,6.68
2024-10-22,MC-3,B,91,94,13.79
2024-10-22,MC-1,D,53,55,6.65
2024-10-22,MC-5,E,11,15,2.79
2024-10-22,MC-7,C,39,38,5.92
2024-10-22,MC-4,B,89,79,14.18
2024-10-23,MC-1,E,27,16,2.87
2024-10-23,MC-4,C,61,51,9.46
2024-10-23,MC-3,E,27,15,2.66
2024-10-23,MC-2,A,76,73,10.14
2024-10-23,MC-5,E,28,22,3.81
2024-10-23,MC-7,D,43,46,7.26
2024-10-23,MC-6,D,44,37,6.72
2024-10-24,MC-7,D,24,32,4.68
2024-10-24,MC-3,A,70,68,13.49
2024-10-24,MC-2,C,52,44,7.07
2024-10-24,MC-5,D,24,23,4.27
2024-10-24,MC-1,A,72,73,12.16
2024-10-24,MC-4,A,74,69,13.79
2024-10-25,MC-2,C,42,47,8.55
2024-10-25,MC-5,A,94,89,12.35
2024-10-25,MC-3,E,32,23,3.42
2024-10-25,MC-4,A,102,98,12.5
2024-10-25,MC-1,D,41,32,5.61
2024-10-25,MC-6,C,40,45,8.34
2024-10-26,MC-7,A,96,89,15.99
2024-10-26,MC-4,A,89,74,9.58
2024-10-26,MC-1,D,31,25,3.12
2024-10-26,MC-5,A,92,97,18.27
2024-10-26,MC-2,D,32,25,3.23
2024-10-27,MC-3,D,43,37,5.96
2024-10-27,MC-7,E,42,38,6.85
2024-10-27,MC-6,A,89,84,12.41
2024-10-27,MC-5,D,45,46,7.01
2024-10-27,MC-2,C,49,37,5.27
2024-10-27,MC-1,D,44,40,6.17
2024-10-27,MC-4,D,45,46,6.25
2024-10-28,MC-1,A,93,89,16.0
2024-10-28,MC-3,B,59,54,10.5
2024-10-28,MC-5,A,95,95,16.99
2024-10-28,MC-7,C,37,34,5.12
2024-10-28,MC-4,D,34,28,3.86
2024-10-28,MC-6,B,57,52,10.04
2024-10-28,MC-2,B,54,44,5.61
2024-10-29,MC-2,A,84,76,12.64
2024-10-29,MC-6,C,51,51,7.53
2024-10-29,MC-3,A,82,78,10.22
2024-10-29,MC-1,A,85,70,12.54
2024-10-29,MC-5,A,82,77,10.28
2024-10-30,MC-1,B,67,62,10.73
2024-10-30,MC-3,E,14,14,2.15
2024-10-30,MC-6,D,55,42,7.63
2024-10-30,MC-4,A,92,85,15.62
2024-10-30,MC-2,B,73,72,13.73
2024-10-30,MC-7,C,58,58,9.45
2024-10-31,MC-7,A,95,74,11.55
2024-10-31,MC-5,E,41,48,7.14
2024-10-31,MC-4,E,43,27,4.88
2024-10-31,MC-6,B,78,72,9.23
2024-10-31,MC-3,E,40,31,5.3
2024-11-01,MC-6,B,60,53,10.29
2024-11-01,MC-4,A,89,77,14.45
2024-11-01,MC-3,C,63,55,6.64
2024-11-01,MC-5,C,63,68,13.14
2024-11-01,MC-7,A,87,83,11.89
2024-11-01,MC-2,C,60,52,6.63
2024-11-02,MC-7,B,57,53,9.13
2024-11-02,MC-2,A,85,82,10.89
2024-11-02,MC-6,B,58,55,9.89
2024-11-02,MC-1,D,27,32,4.47
2024-11-02,MC-4,D,29,30,4.55
2024-11-02,MC-5,B,56,55,6.79
2024-11-02,MC-3,D,27,23,2.94
2024-11-03,MC-3,D,49,54,10.31
2024-11-03,MC-2,B,64,65,8.81
2024-11-03,MC-5,E,64,65,9.66
2024-11-03,MC-7,A,96,84,11.66
2024-11-03,MC-6,B,63,54,7.89
2024-11-04,MC-3,B,76,68,11.14
2024-11-04,MC-4,A,82,77,11.92
2024-11-04,MC-6,C,28,27,4.74
2024-11-04,MC-2,D,59,58,10.32
2024-11-04,MC-5,B,81,75,13.12
2024-11-05,MC-3,B,49,44,7.84
2024-11-05,MC-5,A,95,93,12.09
2024-11-05,MC-1,D,61,52,9.09
2024-11-05,MC-2,B,48,47,8.02
2024-11-05,MC-4,C,52,53,7.86
2024-11-05,MC-6,A,96,91,11.46
2024-11-05,MC-7,D,59,52,9.09
2024-11-06,MC-5,D,43,49,9.56
2024-11-06,MC-4,B,62,59,8.59
2024-11-06,MC-3,B,62,54,8.62
2024-11-06,MC-7,D,43,38,7.22
2024-11-06,MC-1,E,52,50,9.53
2024-11-06,MC-6,D,41,39,5.69
2024-11-06,MC-2,E,50,41,7.01
2024-11-07,MC-1,D,36,29,4.26
2024-11-07,MC-4,D,38,38,6.19
2024-11-07,MC-3,B,54,49,6.72
2024-11-07,MC-5,C,58,43,6.21
2024-11-07,MC-7,B,53,59,7.29
2024-11-07,MC-6,D,36,37,6.29
2024-11-08,MC-5,D,50,53,6.62
2024-11-08,MC-3,A,100,97,19.23
2024-11-08,MC-7,A,102,99,17.66
2024-11-08,MC-4,B,91,94,12.02
2024-11-08,MC-6,A,96,100,13.01
2024-11-09,MC-1,A,73,63,8.11
2024-11-09,MC-7,E,27,20,3.24
2024-11-09,MC-6,A,70,68,10.97
2024-11-09,MC-3,C,69,64,9.88
2024-11-09,MC-5,B,88,86,13.94
2024-11-10,MC-6,C,61,57,10.42
2024-11-10,MC-7,D,38,31,5.33
2024-11-10,MC-4,B,85,73,10.98
2024-11-10,MC-5,B,85,78,13.49
2024-11-10,MC-2,B,79,68,8.96
2024-11-10,MC-1,C,62,51,9.18
2024-11-10,MC-3,C,64,65,10.61
2024-11-11,MC-5,B,55,54,8.69
2024-11-11,MC-3,B,55,50,8.34
2024-11-11,MC-1,C,45,45,6.69
2024-11-11,MC-7,A,75,69,11.14
2024-11-11,MC-4,B,56,50,8.52
2024-11-11,MC-2,B,53,44,8.38
2024-11-11,MC-6,C,43,41,6.2
2024-11-12,MC-2,B,75,82,13.15
2024-11-12,MC-1,C,54,52,8.77
2024-11-12,MC-4,A,123,119,19.77
2024-11-12,MC-5,B,73,70,10.71
2024-11-12,MC-7,A,125,123,16.97
2024-11-12,MC-6,E,34,31,5.47
2024-11-13,MC-4,A,77,66,11.89
2024-11-13,MC-5,A,75,74,12.76
2024-11-13,MC-1,A,80,74,9.6
2024-11-13,MC-7,E,55,61,11.5
2024-11-13,MC-6,C,66,70,12.38
2024-11-13,MC-2,B,80,80,11.9
2024-11-14,MC-5,D,35,30,5.11
2024-11-14,MC-2,D,37,33,4.63
2024-11-14,MC-6,C,64,59,7.94
2024-11-14,MC-1,E,47,46,8.83
2024-11-14,MC-4,C,65,65,12.32
2024-11-14,MC-7,D,36,33,5.02
2024-11-14,MC-3,C,70,65,10.57
2024-11-15,MC-4,E,38,44,8.28
2024-11-15,MC-1,E,38,30,5.85
2024-11-15,MC-3,D,48,44,7.8
2024-11-15,MC-5,A,83,86,11.47
2024-11-15,MC-7,C,48,48,6.8
2024-11-15,MC-2,E,39,35,6.11
2024-11-16,MC-6,D,36,39,6.12
2024-11-16,MC-1,A,94,86,10.85
2024-11-16,MC-2,B,77,73,8.88
2024-11-16,MC-4,E,30,24,3.4
2024-11-16,MC-7,D,36,36,4.97
2024-11-16,MC-3,C,74,68,11.63
2024-11-16,MC-5,B,76,76,10.88
2024-11-17,MC-1,C,56,55,8.76
2024-11-17,MC-2,C,55,49,6.89
2024-11-17,MC-4,C,55,39,6.68
2024-11-17,MC-7,D,41,36,6.19
2024-11-17,MC-6,E,20,18,2.48
2024-11-17,MC-3,D,43,39,4.81
2024-11-17,MC-5,C,53,41,6.56
2024-11-18,MC-2,D,50,50,7.28
2024-11-18,MC-1,D,50,55,9.51
2024-11-18,MC-5,E,39,35,6.91
2024-11-18,MC-3,C,42,41,7.9
2024-11-18,MC-4,C,41,34,4.34
2024-11-18,MC-6,A,87,84,16.65
2024-11-19,MC-4,B,83,74,9.95
2024-11-19,MC-6,E,20,14,2.3
2024-11-19,MC-2,C,62,55,6.86
2024-11-19,MC-7,E,19,21,3.51
2024-11-19,MC-3,E,19,13,1.91
2024-11-20,MC-2,D,41,38,4.93
2024-11-20,MC-3,A,89,92,14.12
2024-11-20,MC-4,B,73,73,14.14
2024-11-20,MC-6,C,43,42,5.05
2024-11-20,MC-1,E,45,40,5.83
2024-11-20,MC-7,A,94,88,13.56
2024-11-20,MC-5,A,94,96,11.95
2024-11-21,MC-3,A,117,104,13.65
2024-11-21,MC-1,C,29,34,5.59
2024-11-21,MC-4,B,60,64,9.78
2024-11-21,MC-7,C,29,26,4.82
2024-11-21,MC-5,C,31,28,4.3
2024-11-21,MC-6,E,39,38,7.51
2024-11-22,MC-7,B,72,76,14.11
2024-11-22,MC-5,D,25,24,4.61
2024-11-22,MC-2,E,31,27,3.59
2024-11-22,MC-1,A,82,79,11.79
2024-11-22,MC-3,C,59,46,6.57
2024-11-22,MC-6,B,66,66,9.17
2024-11-22,MC-4,A,79,77,13.01
2024-11-23,MC-3,C,59,61,8.08
2024-11-23,MC-2,C,62,51,9.25
2024-11-23,MC-4,E,54,49,9.49
2024-11-23,MC-5,C,65,70,8.84
2024-11-23,MC-6,B,92,83,15.07
2024-11-23,MC-1,E,52,50,9.35
2024-11-24,MC-6,C,53,41,6.53
2024-11-24,MC-3,B,64,51,8.2
2024-11-24,MC-5,D,20,11,1.9
2024-11-24,MC-2,E,20,19,3.26
2024-11-24,MC-7,B,63,67,12.62
2024-11-24,MC-1,C,53,53,8.74
2024-11-25,MC-1,D,49,51,9.4
2024-11-25,MC-3,D,51,44,7.14
2024-11-25,MC-5,A,85,78,14.09
2024-11-25,MC-4,B,64,64,11.13
2024-11-25,MC-6,E,30,28,5.53
2024-11-25,MC-7,D,50,47,8.82
2024-11-26,MC-3,D,68,52,9.64
2024-11-26,MC-5,D,64,60,11.75
2024-11-26,MC-7,D,63,58,10.2
2024-11-26,MC-4,A,96,94,17.08
2024-11-26,MC-2,E,37,30,5.72
2024-11-26,MC-6,A,91,93,15.91
2024-11-26,MC-1,D,68,69,9.99
2024-11-27,MC-7,E,27,23,4.2
2024-11-27,MC-2,E,27,29,4.14
2024-11-27,MC-5,C,58,55,8.17
2024-11-27,MC-3,B,79,79,15.31
2024-11-27,MC-1,E,28,30,4.12
2024-11-28,MC-5,D,32,30,5.48
2024-11-28,MC-3,E,48,53,9.65
2024-11-28,MC-1,D,30,17,2.1
2024-11-28,MC-4,A,94,93,12.73
2024-11-28,MC-7,A,92,80,13.36
2024-11-28,MC-2,A,99,96,18.1
2024-11-28,MC-6,C,58,52,8.69
2024-11-29,MC-1,A,89,78,13.36
2024-11-29,MC-3,A,86,86,11.07
2024-11-29,MC-5,E,42,38,7.59
2024-11-29,MC-7,E,42,42,6.26
2024-11-29,MC-2,A,93,96,14.85
2024-11-29,MC-6,B,60,59,11.08
2024-11-29,MC-4,E,43,42,5.59
2024-11-30,MC-5,B,80,69,10.5
2024-11-30,MC-6,C,73,73,13.74
2024-11-30,MC-4,C,74,79,15.59
2024-11-30,MC-2,A,89,80,11.49
2024-11-30,MC-1,D,40,38,7.41
2024-12-01,MC-6,E,31,30,4.56
2024-12-01,MC-2,A,103,96,16.27
2024-12-01,MC-1,B,80,83,16.14
2024-12-01,MC-5,B,86,89,13.1
2024-12-01,MC-4,A,98,94,15.8
2024-12-01,MC-3,D,57,48,7.84
2024-12-01,MC-7,A,100,87,16.49
2024-12-02,MC-4,B,78,74,13.13
2024-12-02,MC-7,B,80,74,12.71
2024-12-02,MC-1,E,25,27,3.68
2024-12-02,MC-5,C,66,62,11.46
2024-12-02,MC-2,E,26,22,3.26
2024-12-02,MC-3,D,51,48,9.47
2024-12-02,MC-6,E,25,18,2.82
2024-12-03,MC-4,B,86,86,12.84
2024-12-03,MC-2,B,89,81,10.64
2024-12-03,MC-1,E,51,43,6.69
2024-12-03,MC-6,E,53,48,7.58
2024-12-03,MC-5,B,84,84,11.3
2024-12-04,MC-4,C,50,54,7.48
2024-12-04,MC-3,C,50,49,7.95
2024-12-04,MC-6,D,39,40,6.45
2024-12-04,MC-1,D,38,35,6.03
2024-12-04,MC-5,A,112,95,13.58
2024-12-04,MC-2,D,39,40,4.94
2024-12-05,MC-7,A,102,93,12.82
2024-12-05,MC-4,E,19,22,3.48
2024-12-05,MC-2,D,50,42,6.87
2024-12-05,MC-1,A,102,96,15.3
2024-12-05,MC-5,E,20,18,3.4
2024-12-05,MC-3,C,54,54,7.69
2024-12-06,MC-6,C,44,44,7.0
2024-12-06,MC-7,B,65,62,12.24
2024-12-06,MC-5,D,53,45,7.72
2024-12-06,MC-4,D,50,44,8.41
2024-12-06,MC-1,C,42,36,5.37
2024-12-07,MC-2,E,26,24,3.5
2024-12-07,MC-3,D,43,45,8.83
2024-12-07,MC-5,E,27,28,5.2
2024-12-07,MC-7,A,92,80,10.53
2024-12-07,MC-4,B,61,51,9.74
2024-12-08,MC-2,C,58,53,10.18
2024-12-08,MC-3,D,60,56,7.35
2024-12-08,MC-5,A,90,79,10.97
2024-12-08,MC-6,D,59,58,8.05
2024-12-08,MC-7,D,59,55,10.45
2024-12-08,MC-1,D,59,59,8.64
2024-12-08,MC-4,E,44,35,6.16
2024-12-09,MC-2,E,33,34,5.6
2024-12-09,MC-5,E,34,33,4.58
2024-12-09,MC-6,D,34,36,5.62
2024-12-09,MC-3,A,86,80,12.22
2024-12-09,MC-1,A,90,76,14.12
2024-12-09,MC-7,A,87,85,12.29
2024-12-09,MC-4,B,76,77,12.9
2024-12-10,MC-1,D,25,18,2.61
2024-12-10,MC-6,C,61,58,9.35
2024-12-10,MC-7,B,73,64,11.19
2024-12-10,MC-4,B,75,65,11.68
2024-12-10,MC-3,A,110,110,19.89
2024-12-11,MC-6,E,47,49,6.14
2024-12-11,MC-4,C,64,61,8.83
2024-12-11,MC-7,A,104,93,14.29
2024-12-11,MC-1,A,106,97,14.14
2024-12-11,MC-5,A,100,94,17.38
2024-12-12,MC-7,A,111,98,15.44
2024-12-12,MC-3,D,34,32,6.27
2024-12-12,MC-5,D,33,30,3.64
2024-12-12,MC-1,B,79,73,9.8
2024-12-12,MC-4,E,39,35,4.45
2024-12-12,MC-2,E,37,29,5.46
2024-12-13,MC-2,C,56,55,8.1
2024-12-13,MC-3,B,104,109,18.48
2024-12-13,MC-4,B,103,104,13.83
2024-12-13,MC-5,B,105,96,12.48
2024-12-13,MC-6,D,38,34,5.9
2024-12-14,MC-7,A,88,87,13.14
2024-12-14,MC-2,B,79,77,13.5
2024-12-14,MC-1,A,93,84,10.49
2024-12-14,MC-5,C,68,71,11.79
2024-12-14,MC-3,D,64,77,14.65
2024-12-14,MC-4,E,38,31,5.07
2024-12-14,MC-6,E,39,33,5.84
2024-12-15,MC-3,B,73,70,11.31
2024-12-15,MC-2,E,50,45,6.28
2024-12-15,MC-5,D,60,57,7.05
2024-12-15,MC-4,E,53,45,6.51
2024-12-15,MC-1,C,73,63,11.58
2024-12-16,MC-5,D,41,33,4.06
2024-12-16,MC-7,A,88,93,16.35
2024-12-16,MC-2,E,43,43,7.87
2024-12-16,MC-1,A,92,91,15.36
2024-12-16,MC-6,B,89,105,16.44
2024-12-16,MC-3,E,42,31,5.89
2024-12-17,MC-1,A,102,92,11.34
2024-12-17,MC-7,B,105,96,13.74
2024-12-17,MC-4,C,73,69,12.81
2024-12-17,MC-2,C,71,76,9.56
2024-12-17,MC-6,D,56,56,9.65
2024-12-17,MC-5,C,70,68,10.03
2024-12-18,MC-7,E,34,24,3.67
2024-12-18,MC-2,B,72,62,8.59
2024-12-18,MC-3,E,35,28,4.41
2024-12-18,MC-1,E,33,32,5.41
2024-12-18,MC-5,E,35,34,4.29
2024-12-19,MC-4,C,86,84,16.0
2024-12-19,MC-5,A,103,93,16.91
2024-12-19,MC-1,A,104,88,16.71
2024-12-19,MC-6,C,87,73,11.88
2024-12-19,MC-3,D,36,31,3.84
2024-12-19,MC-2,C,88,74,9.22
2024-12-20,MC-3,C,61,51,10.19
2024-12-20,MC-1,A,93,82,12.37
2024-12-20,MC-2,B,73,61,8.1
2024-12-20,MC-5,D,43,38,4.74
2024-12-20,MC-7,A,90,85,14.91
2024-12-21,MC-5,E,47,46,8.28
2024-12-21,MC-6,D,56,55,7.2
2024-12-21,MC-1,B,49,46,7.37
2024-12-21,MC-3,C,55,46,7.84
2024-12-21,MC-7,A,62,56,7.88
2024-12-21,MC-2,A,66,59,11.7
2024-12-21,MC-4,A,62,54,9.73
2024-12-22,MC-5,B,94,90,12.71
2024-12-22,MC-2,A,120,110,19.91
2024-12-22,MC-3,A,121,115,19.45
2024-12-22,MC-4,A,122,106,17.87
2024-12-22,MC-6,B,94,92,11.05
2024-12-22,MC-7,E,32,37,5.18
2024-12-23,MC-7,B,82,76,10.4
2024-12-23,MC-4,D,55,51,8.6
2024-12-23,MC-1,D,54,58,7.7
2024-12-23,MC-6,E,43,49,5.95
2024-12-23,MC-5,B,82,83,10.6
2024-12-23,MC-2,A,97,87,12.34
2024-12-23,MC-3,D,55,55,9.21
2024-12-24,MC-5,D,54,57,7.87
2024-12-24,MC-3,A,81,68,9.06
2024-12-24,MC-6,B,89,89,13.04
2024-12-24,MC-2,B,89,80,15.98
2024-12-24,MC-4,A,87,87,10.58
2024-12-25,MC-1,A,86,78,15.43
2024-12-25,MC-2,A,86,83,13.41
2024-12-25,MC-4,B,81,79,13.25
2024-12-25,MC-7,D,57,57,9.21
2024-12-25,MC-5,B,81,73,10.97
2024-12-25,MC-3,C,40,35,6.15
2024-12-25,MC-6,A,88,93,14.35
2024-12-26,MC-3,D,46,48,7.42
2024-12-26,MC-5,A,107,99,19.65
2024-12-26,MC-2,A,107,103,17.4
2024-12-26,MC-7,A,101,96,15.76
2024-12-26,MC-1,C,63,57,7.98
2024-12-26,MC-6,E,46,38,7.17
2024-12-27,MC-4,C,74,74,14.45
2024-12-27,MC-6,C,70,62,10.76
2024-12-27,MC-3,E,46,42,5.13
2024-12-27,MC-2,C,69,62,9.38
2024-12-27,MC-7,B,92,87,12.67
2024-12-28,MC-3,E,41,30,4.59
2024-12-28,MC-7,D,45,30,4.87
2024-12-28,MC-5,C,45,50,8.31
2024-12-28,MC-1,A,114,102,19.59
2024-12-28,MC-4,B,82,75,14.7
2024-12-28,MC-2,B,77,74,10.83
2024-12-28,MC-6,E,39,37,7.36
2024-12-29,MC-3,C,83,80,10.82
2024-12-29,MC-6,B,91,76,11.75
2024-12-29,MC-5,A,88,82,10.91
2024-12-29,MC-2,B,88,83,13.99
2024-12-29,MC-1,D,41,34,5.21
2024-12-30,MC-7,C,68,60,11.03
2024-12-30,MC-4,E,44,33,5.29
2024-12-30,MC-1,D,69,61,10.58
2024-12-30,MC-5,C,71,84,14.31
2024-12-30,MC-2,A,118,98,12.5
2024-12-30,MC-6,A,114,111,16.98
2024-12-30,MC-3,C,70,57,8.58
2024-12-31,MC-4,B,74,68,8.79
2024-12-31,MC-7,B,73,59,7.8
2024-12-31,MC-1,D,46,52,9.94
2024-12-31,MC-6,B,77,63,9.15
2024-12-31,MC-2,D,45,47,8.08
2024-12-31,MC-3,E,53,49,8.36
2024-12-31,MC-5,A,105,95,13.58
2025-01-01,MC-3,E,45,39,7.64
2025-01-01,MC-1,B,82,89,14.78
2025-01-01,MC-5,A,104,91,12.28
2025-01-01,MC-7,C,51,51,7.14
2025-01-01,MC-6,E,44,44,8.21
2025-01-01,MC-2,D,58,59,7.27
2025-01-01,MC-4,D,58,56,10.49
